cast_id,source_file,platform,cycle,obs_time,lat,lon,max_depth_m,storm_name,storm_season
aoml/1902283/profiles/D1902283_099.nc,aoml/1902283/profiles/D1902283_099.nc,1902283,99.0,2024-07-07T11:15:11Z,8.5801,-96.3261,1974.0899658203125,BERYL,2024
aoml/1902299/profiles/R1902299_131.nc,aoml/1902299/profiles/R1902299_131.nc,1902299,131.0,2024-07-02T03:52:34Z,24.47981,-55.596,2005.199951171875,BERYL,2024
aoml/1902300/profiles/R1902300_131.nc,aoml/1902300/profiles/R1902300_131.nc,1902300,131.0,2024-07-05T19:31:36Z,20.76179,-44.53135,2009.280029296875,BERYL,2024
aoml/1902301/profiles/R1902301_128.nc,aoml/1902301/profiles/R1902301_128.nc,1902301,128.0,2024-06-28T21:20:21Z,14.66256,-40.63245,2015.800048828125,BERYL,2024
aoml/1902301/profiles/R1902301_129.nc,aoml/1902301/profiles/R1902301_129.nc,1902301,129.0,2024-07-08T18:24:48Z,14.40389,-40.16729,2013.800048828125,BERYL,2024
aoml/1902302/profiles/R1902302_128.nc,aoml/1902302/profiles/R1902302_128.nc,1902302,128.0,2024-07-01T09:01:35Z,20.57297,-38.51257,2015.8399658203125,BERYL,2024
aoml/1902302/profiles/R1902302_129.nc,aoml/1902302/profiles/R1902302_129.nc,1902302,129.0,2024-07-11T06:15:45Z,20.70208,-38.90666,2013.52001953125,BERYL,2024
aoml/1902311/profiles/D1902311_094.nc,aoml/1902311/profiles/D1902311_094.nc,1902311,94.0,2024-07-06T05:27:26Z,26.51142,-66.0813,2013.800048828125,BERYL,2024
aoml/1902312/profiles/R1902312_094.nc,aoml/1902312/profiles/R1902312_094.nc,1902312,94.0,2024-07-02T14:21:16Z,22.13153,-53.2658,2007.4000244140625,BERYL,2024
aoml/1902313/profiles/R1902313_094.nc,aoml/1902313/profiles/R1902313_094.nc,1902313,94.0,2024-07-03T08:12:22Z,21.88502,-58.50405,2007.8800048828125,BERYL,2024
aoml/1902314/profiles/R1902314_094.nc,aoml/1902314/profiles/R1902314_094.nc,1902314,94.0,2024-07-06T01:27:30Z,23.18484,-58.20494,2005.9200439453125,BERYL,2024
aoml/1902316/profiles/R1902316_094.nc,aoml/1902316/profiles/R1902316_094.nc,1902316,94.0,2024-07-06T19:43:09Z,24.46472,-56.0562,2011.3599853515625,BERYL,2024
aoml/1902317/profiles/D1902317_094.nc,aoml/1902317/profiles/D1902317_094.nc,1902317,94.0,2024-07-03T03:29:03Z,20.66908,-45.31619,2017.1600341796875,BERYL,2024
aoml/1902319/profiles/R1902319_094.nc,aoml/1902319/profiles/R1902319_094.nc,1902319,94.0,2024-07-02T09:19:14Z,20.23937,-45.38086,2013.52001953125,BERYL,2024
aoml/1902321/profiles/R1902321_094.nc,aoml/1902321/profiles/R1902321_094.nc,1902321,94.0,2024-06-28T05:18:02Z,16.65981,-45.52116,2025.6400146484375,BERYL,2024
aoml/1902321/profiles/R1902321_095.nc,aoml/1902321/profiles/R1902321_095.nc,1902321,95.0,2024-07-08T02:00:39Z,16.5461,-45.58516,2009.1199951171875,BERYL,2024
aoml/1902322/profiles/R1902322_094.nc,aoml/1902322/profiles/R1902322_094.nc,1902322,94.0,2024-06-29T16:22:21Z,17.28977,-42.43446,2009.0400390625,BERYL,2024
aoml/1902322/profiles/R1902322_095.nc,aoml/1902322/profiles/R1902322_095.nc,1902322,95.0,2024-07-09T13:39:40Z,17.73003,-42.40836,2005.6800537109375,BERYL,2024
aoml/1902324/profiles/R1902324_094.nc,aoml/1902324/profiles/R1902324_094.nc,1902324,94.0,2024-07-05T19:44:49Z,27.00704,-60.34325,2007.3599853515625,BERYL,2024
aoml/1902325/profiles/R1902325_101D.nc,aoml/1902325/profiles/R1902325_101D.nc,1902325,101.0,2024-06-28T04:06:49Z,24.02102,-66.89654,5854.89990234375,BERYL,2024
aoml/1902325/profiles/R1902325_102D.nc,aoml/1902325/profiles/R1902325_102D.nc,1902325,102.0,2024-07-09T02:12:30Z,24.10836,-66.60072,5856.2001953125,BERYL,2024
aoml/1902360/profiles/R1902360_024.nc,aoml/1902360/profiles/R1902360_024.nc,1902360,24.0,2024-06-28T23:08:38Z,26.92844,-58.65025,5316.2001953125,BERYL,2024
aoml/1902360/profiles/R1902360_025.nc,aoml/1902360/profiles/R1902360_025.nc,1902360,25.0,2024-07-09T00:54:59Z,26.89828,-58.57777,5314.0,BERYL,2024
aoml/1902360/profiles/R1902360_025D.nc,aoml/1902360/profiles/R1902360_025D.nc,1902360,25.0,2024-06-28T23:26:41Z,26.92866,-58.6498,6003.10009765625,BERYL,2024
aoml/1902360/profiles/R1902360_026D.nc,aoml/1902360/profiles/R1902360_026D.nc,1902360,26.0,2024-07-09T01:14:35Z,26.89697,-58.57891,5645.0,BERYL,2024
aoml/1902361/profiles/R1902361_019.nc,aoml/1902361/profiles/R1902361_019.nc,1902361,19.0,2024-07-03T10:32:37Z,25.90087,-60.87229,5559.10009765625,BERYL,2024
aoml/1902361/profiles/R1902361_020D.nc,aoml/1902361/profiles/R1902361_020D.nc,1902361,20.0,2024-07-03T10:52:59Z,25.90019,-60.87354,6006.0,BERYL,2024
aoml/1902362/profiles/R1902362_018.nc,aoml/1902362/profiles/R1902362_018.nc,1902362,18.0,2024-07-02T01:46:40Z,25.29386,-63.63362,5339.5,BERYL,2024
aoml/1902362/profiles/R1902362_019.nc,aoml/1902362/profiles/R1902362_019.nc,1902362,19.0,2024-07-11T22:35:28Z,25.49925,-63.20398,5365.2998046875,BERYL,2024
aoml/1902362/profiles/R1902362_019D.nc,aoml/1902362/profiles/R1902362_019D.nc,1902362,19.0,2024-07-02T02:05:17Z,25.29374,-63.63503,5619.60009765625,BERYL,2024
aoml/1902362/profiles/R1902362_020D.nc,aoml/1902362/profiles/R1902362_020D.nc,1902362,20.0,2024-07-11T22:52:49Z,25.49984,-63.20511,5858.60009765625,BERYL,2024
aoml/1902363/profiles/R1902363_018.nc,aoml/1902363/profiles/R1902363_018.nc,1902363,18.0,2024-07-02T10:38:27Z,23.84214,-64.61582,5310.10009765625,BERYL,2024
aoml/1902363/profiles/R1902363_019D.nc,aoml/1902363/profiles/R1902363_019D.nc,1902363,19.0,2024-07-02T10:52:11Z,23.84294,-64.61545,5958.0,BERYL,2024
aoml/1902364/profiles/R1902364_018.nc,aoml/1902364/profiles/R1902364_018.nc,1902364,18.0,2024-07-03T01:40:12Z,22.92775,-62.83898,5573.2998046875,BERYL,2024
aoml/1902364/profiles/R1902364_019D.nc,aoml/1902364/profiles/R1902364_019D.nc,1902364,19.0,2024-07-03T01:54:23Z,22.92884,-62.84108,5971.2998046875,BERYL,2024
aoml/1902365/profiles/R1902365_018.nc,aoml/1902365/profiles/R1902365_018.nc,1902365,18.0,2024-07-02T08:08:19Z,21.9291,-66.01024,5437.10009765625,BERYL,2024
aoml/1902365/profiles/R1902365_019D.nc,aoml/1902365/profiles/R1902365_019D.nc,1902365,19.0,2024-07-02T08:31:55Z,21.92693,-66.01197,5782.2998046875,BERYL,2024
aoml/1902366/profiles/R1902366_018.nc,aoml/1902366/profiles/R1902366_018.nc,1902366,18.0,2024-07-02T16:55:43Z,22.7186,-67.22281,5315.7998046875,BERYL,2024
aoml/1902366/profiles/R1902366_019D.nc,aoml/1902366/profiles/R1902366_019D.nc,1902366,19.0,2024-07-02T17:15:08Z,22.72037,-67.22444,5902.5,BERYL,2024
aoml/1902375/profiles/R1902375_097.nc,aoml/1902375/profiles/R1902375_097.nc,1902375,97.0,2024-06-30T04:04:51Z,26.28495,-62.21141,2015.280029296875,BERYL,2024
aoml/1902375/profiles/R1902375_098.nc,aoml/1902375/profiles/R1902375_098.nc,1902375,98.0,2024-07-10T01:24:11Z,26.35259,-62.81871,2017.0799560546875,BERYL,2024
aoml/1902380/profiles/D1902380_091.nc,aoml/1902380/profiles/D1902380_091.nc,1902380,91.0,2024-07-05T15:16:58Z,18.1477,-43.1003,2001.8800048828125,BERYL,2024
aoml/1902380/profiles/D1902380_091.nc,aoml/1902380/profiles/D1902380_091.nc,1902380,91.0,2024-07-05T15:16:58Z,18.1477,-43.1003,2001.8800048828125,BERYL,2024
aoml/1902383/profiles/R1902383_090.nc,aoml/1902383/profiles/R1902383_090.nc,1902383,90.0,2024-06-30T13:37:41Z,24.33,-50.8641,1998.989990234375,BERYL,2024
aoml/1902383/profiles/R1902383_090.nc,aoml/1902383/profiles/R1902383_090.nc,1902383,90.0,2024-06-30T13:37:41Z,24.33,-50.8641,1998.989990234375,BERYL,2024
aoml/1902383/profiles/R1902383_091.nc,aoml/1902383/profiles/R1902383_091.nc,1902383,91.0,2024-07-10T14:17:16Z,24.322,-50.9222,1949.0198974609375,BERYL,2024
aoml/1902383/profiles/R1902383_091.nc,aoml/1902383/profiles/R1902383_091.nc,1902383,91.0,2024-07-10T14:17:16Z,24.322,-50.9222,1949.0198974609375,BERYL,2024
aoml/1902384/profiles/R1902384_091.nc,aoml/1902384/profiles/R1902384_091.nc,1902384,91.0,2024-07-07T10:47:42Z,20.1537,-42.3513,1949.1500244140625,BERYL,2024
aoml/1902384/profiles/R1902384_091.nc,aoml/1902384/profiles/R1902384_091.nc,1902384,91.0,2024-07-07T10:47:42Z,20.1537,-42.3513,1949.1500244140625,BERYL,2024
aoml/1902385/profiles/R1902385_090.nc,aoml/1902385/profiles/R1902385_090.nc,1902385,90.0,2024-07-02T05:00:54Z,25.6681,-57.6725,2000.050048828125,BERYL,2024
aoml/1902385/profiles/R1902385_090.nc,aoml/1902385/profiles/R1902385_090.nc,1902385,90.0,2024-07-02T05:00:54Z,25.6681,-57.6725,2000.050048828125,BERYL,2024
aoml/1902387/profiles/D1902387_096.nc,aoml/1902387/profiles/D1902387_096.nc,1902387,96.0,2024-06-29T16:35:20Z,8.01043,-43.8687,2007.43994140625,BERYL,2024
aoml/1902387/profiles/D1902387_097.nc,aoml/1902387/profiles/D1902387_097.nc,1902387,97.0,2024-07-09T13:56:41Z,8.67915,-43.52255,2007.47998046875,BERYL,2024
aoml/1902389/profiles/D1902389_097.nc,aoml/1902389/profiles/D1902389_097.nc,1902389,97.0,2024-07-04T13:29:17Z,33.83626,-39.54086,2013.239990234375,BERYL,2024
aoml/1902392/profiles/D1902392_098.nc,aoml/1902392/profiles/D1902392_098.nc,1902392,98.0,2024-07-06T20:06:16Z,40.99643,-55.10021,2008.1600341796875,BERYL,2024
aoml/1902406/profiles/D1902406_097.nc,aoml/1902406/profiles/D1902406_097.nc,1902406,97.0,2024-07-01T17:12:49Z,25.98506,-52.76401,2013.280029296875,BERYL,2024
aoml/1902406/profiles/D1902406_098.nc,aoml/1902406/profiles/D1902406_098.nc,1902406,98.0,2024-07-11T14:37:40Z,25.91414,-52.78625,2009.3199462890625,BERYL,2024
aoml/1902407/profiles/D1902407_097.nc,aoml/1902407/profiles/D1902407_097.nc,1902407,97.0,2024-07-07T16:56:24Z,11.31963,-37.88552,2019.1199951171875,BERYL,2024
aoml/1902428/profiles/R1902428_096.nc,aoml/1902428/profiles/R1902428_096.nc,1902428,96.0,2024-06-29T22:59:38Z,6.42741,-51.44105,2017.8800048828125,BERYL,2024
aoml/1902428/profiles/R1902428_097.nc,aoml/1902428/profiles/R1902428_097.nc,1902428,97.0,2024-07-09T20:25:39Z,6.42536,-51.36613,2006.239990234375,BERYL,2024
aoml/1902438/profiles/R1902438_114D.nc,aoml/1902438/profiles/R1902438_114D.nc,1902438,114.0,2024-06-30T06:36:25Z,26.30519,-54.76463,5833.0,BERYL,2024
aoml/1902438/profiles/R1902438_115D.nc,aoml/1902438/profiles/R1902438_115D.nc,1902438,115.0,2024-07-10T07:43:23Z,26.24958,-54.75556,5448.89990234375,BERYL,2024
aoml/1902444/profiles/D1902444_095.nc,aoml/1902444/profiles/D1902444_095.nc,1902444,95.0,2024-07-03T16:05:04Z,35.82011,-70.87791,2001.760009765625,BERYL,2024
aoml/1902507/profiles/R1902507_017.nc,aoml/1902507/profiles/R1902507_017.nc,1902507,17.0,2024-07-07T03:51:13Z,19.57779,-49.26441,2001.1600341796875,BERYL,2024
aoml/1902509/profiles/D1902509_011.nc,aoml/1902509/profiles/D1902509_011.nc,1902509,11.0,2024-07-04T03:37:09Z,37.25857,-36.72783,2003.47998046875,BERYL,2024
aoml/1902510/profiles/D1902510_011.nc,aoml/1902510/profiles/D1902510_011.nc,1902510,11.0,2024-07-04T00:53:20Z,35.68959,-45.26094,2012.1600341796875,BERYL,2024
aoml/1902512/profiles/D1902512_011.nc,aoml/1902512/profiles/D1902512_011.nc,1902512,11.0,2024-07-07T01:06:28Z,31.28419,-52.70197,2004.5999755859375,BERYL,2024
aoml/1902519/profiles/D1902519_011.nc,aoml/1902519/profiles/D1902519_011.nc,1902519,11.0,2024-07-05T12:22:38Z,32.62257,-42.56771,2005.3599853515625,BERYL,2024
aoml/1902522/profiles/R1902522_010.nc,aoml/1902522/profiles/R1902522_010.nc,1902522,10.0,2024-07-04T16:09:41Z,11.18337,-77.08118,2007.9599609375,BERYL,2024
aoml/2903444/profiles/D2903444_001.nc,aoml/2903444/profiles/D2903444_001.nc,2903444,1.0,2024-07-05T06:14:19Z,40.69796,-40.47964,959.4400024414062,BERYL,2024
aoml/2903444/profiles/D2903444_002.nc,aoml/2903444/profiles/D2903444_002.nc,2903444,2.0,2024-07-06T15:43:45Z,40.60526,-40.62194,1507.8800048828125,BERYL,2024
aoml/2903444/profiles/D2903444_003.nc,aoml/2903444/profiles/D2903444_003.nc,2903444,3.0,2024-07-08T01:26:17Z,40.53035,-40.89837,1521.239990234375,BERYL,2024
aoml/2903444/profiles/D2903444_004.nc,aoml/2903444/profiles/D2903444_004.nc,2903444,4.0,2024-07-09T11:08:02Z,40.50976,-41.22431,1507.43994140625,BERYL,2024
aoml/2903448/profiles/D2903448_001.nc,aoml/2903448/profiles/D2903448_001.nc,2903448,1.0,2024-07-05T21:10:05Z,41.17774,-44.01799,987.239990234375,BERYL,2024
aoml/2903448/profiles/D2903448_002.nc,aoml/2903448/profiles/D2903448_002.nc,2903448,2.0,2024-07-07T06:53:28Z,41.33346,-44.06951,1527.199951171875,BERYL,2024
aoml/2903448/profiles/D2903448_003.nc,aoml/2903448/profiles/D2903448_003.nc,2903448,3.0,2024-07-08T16:39:38Z,41.49442,-44.16947,1525.3599853515625,BERYL,2024
aoml/2903448/profiles/D2903448_004.nc,aoml/2903448/profiles/D2903448_004.nc,2903448,4.0,2024-07-10T02:25:25Z,41.66112,-44.32629,1525.43994140625,BERYL,2024
aoml/3901300/profiles/D3901300_210.nc,aoml/3901300/profiles/D3901300_210.nc,3901300,210.0,2024-07-02T04:47:24Z,9.8839,-90.3151,2002.3499755859375,BERYL,2024
aoml/3902262/profiles/D3902262_002.nc,aoml/3902262/profiles/D3902262_002.nc,3902262,2.0,2024-06-28T12:14:28Z,6.44459,-44.92092,1515.199951171875,BERYL,2024
aoml/3902262/profiles/D3902262_003.nc,aoml/3902262/profiles/D3902262_003.nc,3902262,3.0,2024-06-29T22:28:30Z,6.42174,-44.84621,1487.3599853515625,BERYL,2024
aoml/3902262/profiles/D3902262_004.nc,aoml/3902262/profiles/D3902262_004.nc,3902262,4.0,2024-07-01T08:45:00Z,6.44906,-44.78521,1459.1199951171875,BERYL,2024
aoml/3902262/profiles/D3902262_005.nc,aoml/3902262/profiles/D3902262_005.nc,3902262,5.0,2024-07-11T15:19:09Z,6.45076,-44.26686,2007.5999755859375,BERYL,2024
aoml/3902263/profiles/D3902263_005.nc,aoml/3902263/profiles/D3902263_005.nc,3902263,5.0,2024-07-07T10:43:52Z,9.45395,-48.74145,2005.3599853515625,BERYL,2024
aoml/3902264/profiles/R3902264_005.nc,aoml/3902264/profiles/R3902264_005.nc,3902264,5.0,2024-07-01T13:42:39Z,15.01287,-55.34013,2001.52001953125,BERYL,2024
aoml/3902264/profiles/R3902264_006.nc,aoml/3902264/profiles/R3902264_006.nc,3902264,6.0,2024-07-11T20:46:07Z,15.45341,-55.45861,2007.52001953125,BERYL,2024
aoml/3902297/profiles/D3902297_055.nc,aoml/3902297/profiles/D3902297_055.nc,3902297,55.0,2024-07-04T17:24:44Z,7.97564,-97.05461,2009.760009765625,BERYL,2024
aoml/3902298/profiles/D3902298_054.nc,aoml/3902298/profiles/D3902298_054.nc,3902298,54.0,2024-06-28T16:13:24Z,6.5285,-93.40474,2008.0400390625,BERYL,2024
aoml/3902298/profiles/D3902298_055.nc,aoml/3902298/profiles/D3902298_055.nc,3902298,55.0,2024-07-08T10:55:03Z,6.65701,-93.51869,2006.0799560546875,BERYL,2024
aoml/3902304/profiles/D3902304_012.nc,aoml/3902304/profiles/D3902304_012.nc,3902304,12.0,2024-07-03T09:15:54Z,6.47127,-79.46778,2004.0799560546875,BERYL,2024
aoml/3902330/profiles/D3902330_001.nc,aoml/3902330/profiles/D3902330_001.nc,3902330,1.0,2024-06-29T03:50:09Z,7.16202,-40.58356,1493.47998046875,BERYL,2024
aoml/3902330/profiles/D3902330_002.nc,aoml/3902330/profiles/D3902330_002.nc,3902330,2.0,2024-06-30T13:02:11Z,7.04108,-40.51723,1509.3199462890625,BERYL,2024
aoml/3902330/profiles/D3902330_003.nc,aoml/3902330/profiles/D3902330_003.nc,3902330,3.0,2024-07-01T23:26:06Z,6.8174,-40.36385,1461.3599853515625,BERYL,2024
aoml/3902330/profiles/D3902330_004.nc,aoml/3902330/profiles/D3902330_004.nc,3902330,4.0,2024-07-03T09:28:07Z,6.61105,-40.27834,1505.3199462890625,BERYL,2024
aoml/3902332/profiles/R3902332_001.nc,aoml/3902332/profiles/R3902332_001.nc,3902332,1.0,2024-06-30T09:16:29Z,41.5021,-44.7563,1997.419921875,BERYL,2024
aoml/3902332/profiles/R3902332_001.nc,aoml/3902332/profiles/R3902332_001.nc,3902332,1.0,2024-06-30T09:16:29Z,41.5021,-44.7563,1997.419921875,BERYL,2024
aoml/3902332/profiles/R3902332_002.nc,aoml/3902332/profiles/R3902332_002.nc,3902332,2.0,2024-07-10T07:40:20Z,41.9573,-46.1471,1998.6700439453125,BERYL,2024
aoml/3902332/profiles/R3902332_002.nc,aoml/3902332/profiles/R3902332_002.nc,3902332,2.0,2024-07-10T07:40:20Z,41.9573,-46.1471,1998.6700439453125,BERYL,2024
aoml/4901719/profiles/R4901719_353.nc,aoml/4901719/profiles/R4901719_353.nc,4901719,353.0,2024-07-07T07:13:31Z,16.35124,-78.41842,1005.8800048828125,BERYL,2024
aoml/4902111/profiles/D4902111_316.nc,aoml/4902111/profiles/D4902111_316.nc,4902111,316.0,2024-07-02T11:56:51Z,34.73109,-67.79431,1009.9600219726562,BERYL,2024
aoml/4902121/profiles/D4902121_303.nc,aoml/4902121/profiles/D4902121_303.nc,4902121,303.0,2024-07-05T23:13:48Z,42.31211,-46.30805,1398.0,BERYL,2024
aoml/4902322/profiles/D4902322_187D.nc,aoml/4902322/profiles/D4902322_187D.nc,4902322,187.0,2024-07-03T06:29:57Z,26.24704,-60.6455,5162.60009765625,BERYL,2024
aoml/4902337/profiles/D4902337_333.nc,aoml/4902337/profiles/D4902337_333.nc,4902337,333.0,2024-07-04T06:33:15Z,42.15769,-50.68505,2005.1199951171875,BERYL,2024
aoml/4902338/profiles/D4902338_300.nc,aoml/4902338/profiles/D4902338_300.nc,4902338,300.0,2024-07-01T06:09:51Z,25.94097,-42.65623,1250.0,BERYL,2024
aoml/4902338/profiles/D4902338_301.nc,aoml/4902338/profiles/D4902338_301.nc,4902338,301.0,2024-07-11T08:20:30Z,26.119,-42.80068,1019.3200073242188,BERYL,2024
aoml/4902349/profiles/D4902349_291.nc,aoml/4902349/profiles/D4902349_291.nc,4902349,291.0,2024-06-28T10:40:49Z,23.85424,-92.54959,2015.0400390625,BERYL,2024
aoml/4902349/profiles/D4902349_292.nc,aoml/4902349/profiles/D4902349_292.nc,4902349,292.0,2024-07-08T09:34:42Z,23.8815,-93.49803,2012.239990234375,BERYL,2024
aoml/4902351/profiles/D4902351_296.nc,aoml/4902351/profiles/D4902351_296.nc,4902351,296.0,2024-07-05T14:36:05Z,22.94702,-95.92769,2016.239990234375,BERYL,2024
aoml/4902352/profiles/D4902352_295.nc,aoml/4902352/profiles/D4902352_295.nc,4902352,295.0,2024-06-29T02:27:56Z,23.81811,-97.03022,1072.239990234375,BERYL,2024
aoml/4902352/profiles/D4902352_296.nc,aoml/4902352/profiles/D4902352_296.nc,4902352,296.0,2024-07-09T00:31:57Z,23.72026,-96.97971,1142.760009765625,BERYL,2024
aoml/4902355/profiles/D4902355_280.nc,aoml/4902355/profiles/D4902355_280.nc,4902355,280.0,2024-06-29T09:19:04Z,19.83663,-59.80713,1015.4400024414062,BERYL,2024
aoml/4902355/profiles/D4902355_281.nc,aoml/4902355/profiles/D4902355_281.nc,4902355,281.0,2024-07-09T01:14:51Z,19.55744,-59.15781,1011.0800170898438,BERYL,2024
aoml/4902927/profiles/R4902927_243.nc,aoml/4902927/profiles/R4902927_243.nc,4902927,243.0,2024-07-07T18:48:07Z,31.24396,-50.40484,2013.47998046875,BERYL,2024
aoml/4902928/profiles/R4902928_242.nc,aoml/4902928/profiles/R4902928_242.nc,4902928,242.0,2024-06-28T14:36:23Z,36.58078,-72.03777,2007.52001953125,BERYL,2024
aoml/4902928/profiles/R4902928_243.nc,aoml/4902928/profiles/R4902928_243.nc,4902928,243.0,2024-07-08T11:37:26Z,37.61535,-71.51187,2017.800048828125,BERYL,2024
aoml/4903035/profiles/R4903035_252.nc,aoml/4903035/profiles/R4903035_252.nc,4903035,252.0,2024-07-06T19:25:02Z,33.68146,-63.62534,2013.6800537109375,BERYL,2024
aoml/4903043/profiles/D4903043_208.nc,aoml/4903043/profiles/D4903043_208.nc,4903043,208.0,2024-06-28T16:11:37Z,38.01539,-47.52825,2015.800048828125,BERYL,2024
aoml/4903043/profiles/D4903043_209.nc,aoml/4903043/profiles/D4903043_209.nc,4903043,209.0,2024-07-08T13:12:47Z,38.45109,-48.47103,2019.3599853515625,BERYL,2024
aoml/4903049/profiles/R4903049_211.nc,aoml/4903049/profiles/R4903049_211.nc,4903049,211.0,2024-07-05T08:31:11Z,36.64328,-57.01544,2007.43994140625,BERYL,2024
aoml/4903050/profiles/R4903050_198.nc,aoml/4903050/profiles/R4903050_198.nc,4903050,198.0,2024-07-02T06:19:54Z,33.01375,-74.7388,2003.800048828125,BERYL,2024
aoml/4903051/profiles/D4903051_198.nc,aoml/4903051/profiles/D4903051_198.nc,4903051,198.0,2024-07-02T08:37:21Z,19.3087,-67.23231,2005.239990234375,BERYL,2024
aoml/4903220/profiles/R4903220_200.nc,aoml/4903220/profiles/R4903220_200.nc,4903220,200.0,2024-07-03T09:13:07Z,30.29476,-38.94725,2011.3599853515625,BERYL,2024
aoml/4903224/profiles/R4903224_169.nc,aoml/4903224/profiles/R4903224_169.nc,4903224,169.0,2024-07-06T12:21:24Z,13.63526,-48.17189,2003.719970703125,BERYL,2024
aoml/4903224/profiles/R4903224_169.nc,aoml/4903224/profiles/R4903224_169.nc,4903224,169.0,2024-07-06T12:21:24Z,13.63526,-48.17189,549.8800048828125,BERYL,2024
aoml/4903225/profiles/R4903225_177.nc,aoml/4903225/profiles/R4903225_177.nc,4903225,177.0,2024-07-05T17:45:51Z,19.07137,-57.27685,2013.6800537109375,BERYL,2024
aoml/4903232/profiles/D4903232_376.nc,aoml/4903232/profiles/D4903232_376.nc,4903232,376.0,2024-06-29T10:47:53Z,23.20821,-96.67747,2006.3599853515625,BERYL,2024
aoml/4903232/profiles/D4903232_377.nc,aoml/4903232/profiles/D4903232_377.nc,4903232,377.0,2024-07-04T11:26:29Z,23.27049,-96.67244,1965.4000244140625,BERYL,2024
aoml/4903232/profiles/D4903232_378.nc,aoml/4903232/profiles/D4903232_378.nc,4903232,378.0,2024-07-09T11:43:43Z,23.34625,-96.66058,1887.1600341796875,BERYL,2024
aoml/4903238/profiles/D4903238_384.nc,aoml/4903238/profiles/D4903238_384.nc,4903238,384.0,2024-06-30T00:21:55Z,29.85708,-79.08503,799.9199829101562,BERYL,2024
aoml/4903238/profiles/D4903238_385.nc,aoml/4903238/profiles/D4903238_385.nc,4903238,385.0,2024-07-02T17:00:51Z,30.03323,-79.29807,828.0399780273438,BERYL,2024
aoml/4903238/profiles/D4903238_386.nc,aoml/4903238/profiles/D4903238_386.nc,4903238,386.0,2024-07-05T09:31:11Z,30.5951,-79.47022,775.239990234375,BERYL,2024
aoml/4903238/profiles/D4903238_387.nc,aoml/4903238/profiles/D4903238_387.nc,4903238,387.0,2024-07-08T01:19:48Z,31.19791,-79.57057,479.8399963378906,BERYL,2024
aoml/4903238/profiles/D4903238_388.nc,aoml/4903238/profiles/D4903238_388.nc,4903238,388.0,2024-07-10T16:54:06Z,31.61556,-79.42346,336.0,BERYL,2024
aoml/4903240/profiles/D4903240_373.nc,aoml/4903240/profiles/D4903240_373.nc,4903240,373.0,2024-06-30T06:43:35Z,23.29306,-95.69592,2003.719970703125,BERYL,2024
aoml/4903240/profiles/D4903240_374.nc,aoml/4903240/profiles/D4903240_374.nc,4903240,374.0,2024-07-05T06:38:16Z,23.10093,-95.78359,2005.47998046875,BERYL,2024
aoml/4903240/profiles/D4903240_375.nc,aoml/4903240/profiles/D4903240_375.nc,4903240,375.0,2024-07-10T06:30:00Z,23.07275,-95.81506,2005.5999755859375,BERYL,2024
aoml/4903244/profiles/R4903244_194.nc,aoml/4903244/profiles/R4903244_194.nc,4903244,194.0,2024-06-29T06:32:58Z,20.75904,-61.95902,2009.8800048828125,BERYL,2024
aoml/4903244/profiles/R4903244_195.nc,aoml/4903244/profiles/R4903244_195.nc,4903244,195.0,2024-07-09T01:05:05Z,20.8285,-62.00545,2015.1600341796875,BERYL,2024
aoml/4903246/profiles/R4903246_183.nc,aoml/4903246/profiles/R4903246_183.nc,4903246,183.0,2024-07-02T14:20:24Z,17.03513,-40.3665,2019.0799560546875,BERYL,2024
aoml/4903248/profiles/D4903248_357.nc,aoml/4903248/profiles/D4903248_357.nc,4903248,357.0,2024-06-29T03:26:29Z,26.25224,-93.66276,1805.5999755859375,BERYL,2024
aoml/4903248/profiles/D4903248_358.nc,aoml/4903248/profiles/D4903248_358.nc,4903248,358.0,2024-07-04T07:05:01Z,26.30347,-93.70127,2003.760009765625,BERYL,2024
aoml/4903248/profiles/D4903248_359.nc,aoml/4903248/profiles/D4903248_359.nc,4903248,359.0,2024-07-09T11:04:25Z,26.32784,-93.46993,1924.0799560546875,BERYL,2024
aoml/4903249/profiles/D4903249_356.nc,aoml/4903249/profiles/D4903249_356.nc,4903249,356.0,2024-06-28T01:58:21Z,25.69874,-86.36479,2006.1199951171875,BERYL,2024
aoml/4903249/profiles/D4903249_357.nc,aoml/4903249/profiles/D4903249_357.nc,4903249,357.0,2024-07-03T01:34:54Z,25.74401,-86.91891,2004.239990234375,BERYL,2024
aoml/4903249/profiles/D4903249_358.nc,aoml/4903249/profiles/D4903249_358.nc,4903249,358.0,2024-07-08T01:14:52Z,25.94888,-87.31169,2005.9599609375,BERYL,2024
aoml/4903252/profiles/D4903252_266.nc,aoml/4903252/profiles/D4903252_266.nc,4903252,266.0,2024-07-06T18:55:47Z,39.33957,-71.44445,2005.6800537109375,BERYL,2024
aoml/4903254/profiles/D4903254_360.nc,aoml/4903254/profiles/D4903254_360.nc,4903254,360.0,2024-07-02T07:58:51Z,27.91415,-87.04734,2007.1600341796875,BERYL,2024
aoml/4903254/profiles/D4903254_361.nc,aoml/4903254/profiles/D4903254_361.nc,4903254,361.0,2024-07-07T07:37:41Z,27.94914,-87.3052,2005.47998046875,BERYL,2024
aoml/4903256/profiles/D4903256_314.nc,aoml/4903256/profiles/D4903256_314.nc,4903256,314.0,2024-06-29T11:08:18Z,32.65454,-67.89352,2007.47998046875,BERYL,2024
aoml/4903256/profiles/D4903256_315.nc,aoml/4903256/profiles/D4903256_315.nc,4903256,315.0,2024-07-09T07:03:01Z,32.64719,-68.0579,2005.239990234375,BERYL,2024
aoml/4903258/profiles/D4903258_274.nc,aoml/4903258/profiles/D4903258_274.nc,4903258,274.0,2024-07-02T04:51:34Z,37.8809,-49.67484,2007.0,BERYL,2024
aoml/4903260/profiles/D4903260_173.nc,aoml/4903260/profiles/D4903260_173.nc,4903260,173.0,2024-07-06T02:58:34Z,35.39167,-49.79906,2007.6400146484375,BERYL,2024
aoml/4903273/profiles/D4903273_110.nc,aoml/4903273/profiles/D4903273_110.nc,4903273,110.0,2024-06-29T05:46:07Z,38.692,-68.5492,1998.8800048828125,BERYL,2024
aoml/4903273/profiles/D4903273_110.nc,aoml/4903273/profiles/D4903273_110.nc,4903273,110.0,2024-06-29T05:46:07Z,38.692,-68.5492,1998.8800048828125,BERYL,2024
aoml/4903273/profiles/D4903273_111.nc,aoml/4903273/profiles/D4903273_111.nc,4903273,111.0,2024-07-09T06:40:46Z,37.3371,-68.8492,1949.1300048828125,BERYL,2024
aoml/4903273/profiles/D4903273_111.nc,aoml/4903273/profiles/D4903273_111.nc,4903273,111.0,2024-07-09T06:40:46Z,37.3371,-68.8492,1949.1300048828125,BERYL,2024
aoml/4903274/profiles/R4903274_119.nc,aoml/4903274/profiles/R4903274_119.nc,4903274,119.0,2024-07-05T05:58:52Z,29.8788,-75.6253,2000.6400146484375,BERYL,2024
aoml/4903274/profiles/R4903274_119.nc,aoml/4903274/profiles/R4903274_119.nc,4903274,119.0,2024-07-05T05:58:52Z,29.8788,-75.6253,2000.6400146484375,BERYL,2024
aoml/4903276/profiles/D4903276_225.nc,aoml/4903276/profiles/D4903276_225.nc,4903276,225.0,2024-07-06T19:18:26Z,21.20523,-72.83106,2005.280029296875,BERYL,2024
aoml/4903277/profiles/D4903277_259.nc,aoml/4903277/profiles/D4903277_259.nc,4903277,259.0,2024-07-06T05:38:08Z,35.26277,-61.16887,2017.719970703125,BERYL,2024
aoml/4903279/profiles/D4903279_295.nc,aoml/4903279/profiles/D4903279_295.nc,4903279,295.0,2024-06-28T21:27:44Z,24.97764,-86.49288,2014.52001953125,BERYL,2024
aoml/4903279/profiles/D4903279_296.nc,aoml/4903279/profiles/D4903279_296.nc,4903279,296.0,2024-07-03T21:00:27Z,24.90507,-86.55273,2014.199951171875,BERYL,2024
aoml/4903279/profiles/D4903279_297.nc,aoml/4903279/profiles/D4903279_297.nc,4903279,297.0,2024-07-08T20:28:03Z,24.55926,-86.21299,2014.719970703125,BERYL,2024
aoml/4903280/profiles/D4903280_137.nc,aoml/4903280/profiles/D4903280_137.nc,4903280,137.0,2024-07-02T07:08:02Z,35.62693,-59.56517,2019.43994140625,BERYL,2024
aoml/4903329/profiles/R4903329_136.nc,aoml/4903329/profiles/R4903329_136.nc,4903329,136.0,2024-06-29T02:25:13Z,34.16865,-62.36352,2005.1199951171875,BERYL,2024
aoml/4903329/profiles/R4903329_137.nc,aoml/4903329/profiles/R4903329_137.nc,4903329,137.0,2024-07-08T23:44:16Z,34.56892,-62.60305,2007.6800537109375,BERYL,2024
aoml/4903330/profiles/R4903330_131.nc,aoml/4903330/profiles/R4903330_131.nc,4903330,131.0,2024-07-05T12:37:57Z,16.30466,-41.8164,2005.8800048828125,BERYL,2024
aoml/4903332/profiles/R4903332_132.nc,aoml/4903332/profiles/R4903332_132.nc,4903332,132.0,2024-07-01T09:00:06Z,7.93404,-50.22881,2007.0799560546875,BERYL,2024
aoml/4903332/profiles/R4903332_133.nc,aoml/4903332/profiles/R4903332_133.nc,4903332,133.0,2024-07-11T06:17:05Z,7.81248,-50.31605,2015.47998046875,BERYL,2024
aoml/4903333/profiles/R4903333_135.nc,aoml/4903333/profiles/R4903333_135.nc,4903333,135.0,2024-07-06T17:37:11Z,19.85489,-64.05183,1975.43994140625,BERYL,2024
aoml/4903335/profiles/R4903335_130.nc,aoml/4903335/profiles/R4903335_130.nc,4903335,130.0,2024-06-29T19:14:59Z,21.56565,-42.28498,2008.1600341796875,BERYL,2024
aoml/4903335/profiles/R4903335_131.nc,aoml/4903335/profiles/R4903335_131.nc,4903335,131.0,2024-07-09T16:41:35Z,21.66724,-41.86693,2007.800048828125,BERYL,2024
aoml/4903336/profiles/R4903336_128.nc,aoml/4903336/profiles/R4903336_128.nc,4903336,128.0,2024-06-30T08:29:50Z,15.32116,-50.4518,2013.43994140625,BERYL,2024
aoml/4903336/profiles/R4903336_129.nc,aoml/4903336/profiles/R4903336_129.nc,4903336,129.0,2024-07-10T05:39:33Z,15.52595,-50.45508,2009.5999755859375,BERYL,2024
aoml/4903337/profiles/R4903337_131.nc,aoml/4903337/profiles/R4903337_131.nc,4903337,131.0,2024-07-06T19:02:22Z,20.18237,-44.09057,2021.0799560546875,BERYL,2024
aoml/4903338/profiles/R4903338_123.nc,aoml/4903338/profiles/R4903338_123.nc,4903338,123.0,2024-06-28T15:01:22Z,19.01206,-43.24614,2013.719970703125,BERYL,2024
aoml/4903338/profiles/R4903338_124.nc,aoml/4903338/profiles/R4903338_124.nc,4903338,124.0,2024-07-08T12:04:40Z,19.00911,-43.24489,2007.5999755859375,BERYL,2024
aoml/4903339/profiles/R4903339_123.nc,aoml/4903339/profiles/R4903339_123.nc,4903339,123.0,2024-07-01T17:35:18Z,16.04584,-52.33392,2015.3199462890625,BERYL,2024
aoml/4903339/profiles/R4903339_123.nc,aoml/4903339/profiles/R4903339_123.nc,4903339,123.0,2024-07-01T17:35:18Z,16.04584,-52.33392,549.9600219726562,BERYL,2024
aoml/4903339/profiles/R4903339_124.nc,aoml/4903339/profiles/R4903339_124.nc,4903339,124.0,2024-07-11T14:45:52Z,15.87011,-52.59019,2007.3599853515625,BERYL,2024
aoml/4903339/profiles/R4903339_124.nc,aoml/4903339/profiles/R4903339_124.nc,4903339,124.0,2024-07-11T14:45:52Z,15.87011,-52.59019,549.9199829101562,BERYL,2024
aoml/4903340/profiles/R4903340_123.nc,aoml/4903340/profiles/R4903340_123.nc,4903340,123.0,2024-07-06T02:45:33Z,9.72093,-55.61708,2009.719970703125,BERYL,2024
aoml/4903340/profiles/R4903340_123.nc,aoml/4903340/profiles/R4903340_123.nc,4903340,123.0,2024-07-06T02:45:33Z,9.72093,-55.61708,449.8800048828125,BERYL,2024
aoml/4903341/profiles/D4903341_124.nc,aoml/4903341/profiles/D4903341_124.nc,4903341,124.0,2024-07-07T11:32:35Z,27.62952,-63.6893,2011.8399658203125,BERYL,2024
aoml/4903342/profiles/R4903342_123.nc,aoml/4903342/profiles/R4903342_123.nc,4903342,123.0,2024-06-29T20:09:51Z,16.32058,-43.86486,2005.719970703125,BERYL,2024
aoml/4903342/profiles/R4903342_124.nc,aoml/4903342/profiles/R4903342_124.nc,4903342,124.0,2024-07-09T17:26:38Z,16.70595,-43.96566,2005.6400146484375,BERYL,2024
aoml/4903343/profiles/R4903343_123.nc,aoml/4903343/profiles/R4903343_123.nc,4903343,123.0,2024-07-01T21:45:58Z,13.35822,-49.75704,2006.1600341796875,BERYL,2024
aoml/4903343/profiles/R4903343_123.nc,aoml/4903343/profiles/R4903343_123.nc,4903343,123.0,2024-07-01T21:45:58Z,13.35822,-49.75704,450.0,BERYL,2024
aoml/4903343/profiles/R4903343_124.nc,aoml/4903343/profiles/R4903343_124.nc,4903343,124.0,2024-07-11T18:44:48Z,13.32325,-49.99982,2011.3599853515625,BERYL,2024
aoml/4903343/profiles/R4903343_124.nc,aoml/4903343/profiles/R4903343_124.nc,4903343,124.0,2024-07-11T18:44:48Z,13.32325,-49.99982,449.9200134277344,BERYL,2024
aoml/4903345/profiles/R4903345_133.nc,aoml/4903345/profiles/R4903345_133.nc,4903345,133.0,2024-07-02T19:48:05Z,21.39873,-61.25762,2007.43994140625,BERYL,2024
aoml/4903346/profiles/D4903346_120.nc,aoml/4903346/profiles/D4903346_120.nc,4903346,120.0,2024-06-30T08:08:22Z,28.38519,-77.04967,1077.0799560546875,BERYL,2024
aoml/4903346/profiles/D4903346_121.nc,aoml/4903346/profiles/D4903346_121.nc,4903346,121.0,2024-07-10T04:56:49Z,27.6037,-76.42418,2007.199951171875,BERYL,2024
aoml/4903347/profiles/R4903347_133.nc,aoml/4903347/profiles/R4903347_133.nc,4903347,133.0,2024-07-01T22:57:16Z,14.65844,-55.66459,2005.6800537109375,BERYL,2024
aoml/4903347/profiles/R4903347_134.nc,aoml/4903347/profiles/R4903347_134.nc,4903347,134.0,2024-07-11T17:18:54Z,14.93572,-55.55482,2015.199951171875,BERYL,2024
aoml/4903348/profiles/D4903348_120.nc,aoml/4903348/profiles/D4903348_120.nc,4903348,120.0,2024-06-28T06:00:39Z,24.07142,-73.94171,2007.199951171875,BERYL,2024
aoml/4903348/profiles/D4903348_121.nc,aoml/4903348/profiles/D4903348_121.nc,4903348,121.0,2024-07-08T03:10:24Z,24.38617,-73.66543,2007.3599853515625,BERYL,2024
aoml/4903350/profiles/R4903350_121.nc,aoml/4903350/profiles/R4903350_121.nc,4903350,121.0,2024-06-30T23:39:46Z,14.4286,-72.93985,2007.280029296875,BERYL,2024
aoml/4903350/profiles/R4903350_121.nc,aoml/4903350/profiles/R4903350_121.nc,4903350,121.0,2024-06-30T23:39:46Z,14.4286,-72.93985,449.8800048828125,BERYL,2024
aoml/4903350/profiles/R4903350_122.nc,aoml/4903350/profiles/R4903350_122.nc,4903350,122.0,2024-07-10T20:44:21Z,14.47512,-73.02392,2017.280029296875,BERYL,2024
aoml/4903350/profiles/R4903350_122.nc,aoml/4903350/profiles/R4903350_122.nc,4903350,122.0,2024-07-10T20:44:21Z,14.47512,-73.02392,449.9599914550781,BERYL,2024
aoml/4903352/profiles/R4903352_123.nc,aoml/4903352/profiles/R4903352_123.nc,4903352,123.0,2024-06-30T21:19:15Z,20.7251,-61.89313,2007.1600341796875,BERYL,2024
aoml/4903352/profiles/R4903352_123.nc,aoml/4903352/profiles/R4903352_123.nc,4903352,123.0,2024-06-30T21:19:15Z,20.7251,-61.89313,549.9199829101562,BERYL,2024
aoml/4903352/profiles/R4903352_124.nc,aoml/4903352/profiles/R4903352_124.nc,4903352,124.0,2024-07-10T18:31:36Z,20.68864,-62.08515,2007.1199951171875,BERYL,2024
aoml/4903352/profiles/R4903352_124.nc,aoml/4903352/profiles/R4903352_124.nc,4903352,124.0,2024-07-10T18:31:36Z,20.68864,-62.08515,549.9600219726562,BERYL,2024
aoml/4903353/profiles/D4903353_243.nc,aoml/4903353/profiles/D4903353_243.nc,4903353,243.0,2024-06-30T06:30:27Z,28.62392,-88.44818,1551.9200439453125,BERYL,2024
aoml/4903353/profiles/D4903353_244.nc,aoml/4903353/profiles/D4903353_244.nc,4903353,244.0,2024-07-05T05:44:01Z,28.61665,-88.38668,1799.1600341796875,BERYL,2024
aoml/4903353/profiles/D4903353_245.nc,aoml/4903353/profiles/D4903353_245.nc,4903353,245.0,2024-07-10T04:55:28Z,28.58464,-88.43846,1789.5999755859375,BERYL,2024
aoml/4903354/profiles/D4903354_228.nc,aoml/4903354/profiles/D4903354_228.nc,4903354,228.0,2024-06-28T00:31:50Z,27.5615,-86.80553,2017.199951171875,BERYL,2024
aoml/4903354/profiles/D4903354_229.nc,aoml/4903354/profiles/D4903354_229.nc,4903354,229.0,2024-07-03T01:44:52Z,26.965,-86.28643,2017.3599853515625,BERYL,2024
aoml/4903354/profiles/D4903354_230.nc,aoml/4903354/profiles/D4903354_230.nc,4903354,230.0,2024-07-08T02:48:59Z,26.40097,-86.01569,2014.1199951171875,BERYL,2024
aoml/4903356/profiles/D4903356_236.nc,aoml/4903356/profiles/D4903356_236.nc,4903356,236.0,2024-06-28T12:53:04Z,28.09985,-89.02245,1326.47998046875,BERYL,2024
aoml/4903356/profiles/D4903356_237.nc,aoml/4903356/profiles/D4903356_237.nc,4903356,237.0,2024-07-03T11:07:54Z,28.1007,-89.02825,1331.6800537109375,BERYL,2024
aoml/4903356/profiles/D4903356_238.nc,aoml/4903356/profiles/D4903356_238.nc,4903356,238.0,2024-07-08T09:22:15Z,28.10548,-89.03571,1322.280029296875,BERYL,2024
aoml/4903372/profiles/R4903372_100.nc,aoml/4903372/profiles/R4903372_100.nc,4903372,100.0,2024-07-04T13:31:41Z,20.67293,-47.01333,2005.239990234375,BERYL,2024
aoml/4903377/profiles/R4903377_862.nc,aoml/4903377/profiles/R4903377_862.nc,4903377,862.0,2024-06-29T21:01:47Z,43.15945,-55.99224,214.0,BERYL,2024
aoml/4903377/profiles/R4903377_863.nc,aoml/4903377/profiles/R4903377_863.nc,4903377,863.0,2024-07-04T08:55:20Z,43.19006,-56.21561,214.0,BERYL,2024
aoml/4903377/profiles/R4903377_864.nc,aoml/4903377/profiles/R4903377_864.nc,4903377,864.0,2024-07-08T20:47:12Z,43.26233,-56.38022,213.9600067138672,BERYL,2024
aoml/4903456/profiles/D4903456_067.nc,aoml/4903456/profiles/D4903456_067.nc,4903456,67.0,2024-07-02T14:59:14Z,38.4077,-52.1225,1999.929931640625,BERYL,2024
aoml/4903456/profiles/D4903456_067.nc,aoml/4903456/profiles/D4903456_067.nc,4903456,67.0,2024-07-02T14:59:14Z,38.4077,-52.1225,1999.929931640625,BERYL,2024
aoml/4903458/profiles/R4903458_063.nc,aoml/4903458/profiles/R4903458_063.nc,4903458,63.0,2024-06-28T04:06:16Z,13.3064,-58.9635,1948.8900146484375,BERYL,2024
aoml/4903458/profiles/R4903458_063.nc,aoml/4903458/profiles/R4903458_063.nc,4903458,63.0,2024-06-28T04:06:16Z,13.3064,-58.9635,1948.8900146484375,BERYL,2024
aoml/4903458/profiles/R4903458_064.nc,aoml/4903458/profiles/R4903458_064.nc,4903458,64.0,2024-07-08T03:26:16Z,13.5658,-59.1494,1499.85009765625,BERYL,2024
aoml/4903458/profiles/R4903458_064.nc,aoml/4903458/profiles/R4903458_064.nc,4903458,64.0,2024-07-08T03:26:16Z,13.5658,-59.1494,1499.85009765625,BERYL,2024
aoml/4903462/profiles/R4903462_061.nc,aoml/4903462/profiles/R4903462_061.nc,4903462,61.0,2024-06-29T08:25:32Z,9.5963,-54.2861,2000.1300048828125,BERYL,2024
aoml/4903462/profiles/R4903462_061.nc,aoml/4903462/profiles/R4903462_061.nc,4903462,61.0,2024-06-29T08:25:32Z,9.5963,-54.2861,2000.1300048828125,BERYL,2024
aoml/4903462/profiles/R4903462_062.nc,aoml/4903462/profiles/R4903462_062.nc,4903462,62.0,2024-07-09T07:43:26Z,9.8051,-53.9038,1999.75,BERYL,2024
aoml/4903462/profiles/R4903462_062.nc,aoml/4903462/profiles/R4903462_062.nc,4903462,62.0,2024-07-09T07:43:26Z,9.8051,-53.9038,1999.75,BERYL,2024
aoml/4903464/profiles/D4903464_125.nc,aoml/4903464/profiles/D4903464_125.nc,4903464,125.0,2024-06-29T19:03:24Z,27.88054,-88.88208,1511.3199462890625,BERYL,2024
aoml/4903464/profiles/D4903464_126.nc,aoml/4903464/profiles/D4903464_126.nc,4903464,126.0,2024-07-04T19:50:16Z,27.85888,-88.82521,1529.239990234375,BERYL,2024
aoml/4903464/profiles/D4903464_127.nc,aoml/4903464/profiles/D4903464_127.nc,4903464,127.0,2024-07-09T20:36:08Z,27.91344,-88.90886,1503.56005859375,BERYL,2024
aoml/4903466/profiles/D4903466_126.nc,aoml/4903466/profiles/D4903466_126.nc,4903466,126.0,2024-07-02T11:35:31Z,23.56973,-83.29491,1856.0,BERYL,2024
aoml/4903466/profiles/D4903466_127.nc,aoml/4903466/profiles/D4903466_127.nc,4903466,127.0,2024-07-07T13:23:19Z,23.64988,-83.53361,2011.0400390625,BERYL,2024
aoml/4903468/profiles/D4903468_129.nc,aoml/4903468/profiles/D4903468_129.nc,4903468,129.0,2024-07-02T05:38:02Z,25.78951,-89.56987,2007.4000244140625,BERYL,2024
aoml/4903468/profiles/D4903468_130.nc,aoml/4903468/profiles/D4903468_130.nc,4903468,130.0,2024-07-07T07:12:41Z,26.09201,-89.55045,2011.47998046875,BERYL,2024
aoml/4903469/profiles/D4903469_126.nc,aoml/4903469/profiles/D4903469_126.nc,4903469,126.0,2024-06-30T02:42:33Z,23.18257,-82.65307,1593.800048828125,BERYL,2024
aoml/4903469/profiles/D4903469_127.nc,aoml/4903469/profiles/D4903469_127.nc,4903469,127.0,2024-07-05T03:18:23Z,23.19876,-82.50822,1439.3599853515625,BERYL,2024
aoml/4903469/profiles/D4903469_128.nc,aoml/4903469/profiles/D4903469_128.nc,4903469,128.0,2024-07-10T03:54:31Z,23.20047,-82.48684,1465.8399658203125,BERYL,2024
aoml/4903471/profiles/D4903471_126.nc,aoml/4903471/profiles/D4903471_126.nc,4903471,126.0,2024-07-01T14:37:56Z,27.71931,-88.86753,1615.5999755859375,BERYL,2024
aoml/4903471/profiles/D4903471_127.nc,aoml/4903471/profiles/D4903471_127.nc,4903471,127.0,2024-07-06T15:29:04Z,27.72567,-89.0509,1503.52001953125,BERYL,2024
aoml/4903471/profiles/D4903471_128.nc,aoml/4903471/profiles/D4903471_128.nc,4903471,128.0,2024-07-11T16:07:22Z,27.77527,-89.08284,1437.239990234375,BERYL,2024
aoml/4903472/profiles/R4903472_124.nc,aoml/4903472/profiles/R4903472_124.nc,4903472,124.0,2024-06-30T14:08:19Z,24.17515,-84.48097,1999.0799560546875,BERYL,2024
aoml/4903472/profiles/R4903472_125.nc,aoml/4903472/profiles/R4903472_125.nc,4903472,125.0,2024-07-05T08:48:40Z,24.42792,-84.43967,1999.0799560546875,BERYL,2024
aoml/4903472/profiles/R4903472_126.nc,aoml/4903472/profiles/R4903472_126.nc,4903472,126.0,2024-07-10T03:23:20Z,24.72524,-84.38436,1966.199951171875,BERYL,2024
aoml/4903474/profiles/D4903474_065.nc,aoml/4903474/profiles/D4903474_065.nc,4903474,65.0,2024-07-05T15:23:34Z,18.82452,-48.7343,2011.6400146484375,BERYL,2024
aoml/4903476/profiles/D4903476_062.nc,aoml/4903476/profiles/D4903476_062.nc,4903476,62.0,2024-07-01T01:26:07Z,7.19387,-50.27547,2003.239990234375,BERYL,2024
aoml/4903476/profiles/D4903476_062.nc,aoml/4903476/profiles/D4903476_062.nc,4903476,62.0,2024-07-01T01:26:07Z,7.19387,-50.27547,449.9599914550781,BERYL,2024
aoml/4903476/profiles/D4903476_063.nc,aoml/4903476/profiles/D4903476_063.nc,4903476,63.0,2024-07-11T09:47:01Z,7.41889,-49.78874,2001.5999755859375,BERYL,2024
aoml/4903476/profiles/D4903476_063.nc,aoml/4903476/profiles/D4903476_063.nc,4903476,63.0,2024-07-11T09:47:01Z,7.41889,-49.78874,449.9599914550781,BERYL,2024
aoml/4903536/profiles/D4903536_052.nc,aoml/4903536/profiles/D4903536_052.nc,4903536,52.0,2024-07-03T12:40:53Z,9.95307,-45.51908,2010.199951171875,BERYL,2024
aoml/4903543/profiles/D4903543_078.nc,aoml/4903543/profiles/D4903543_078.nc,4903543,78.0,2024-07-02T05:42:55Z,23.63431,-95.75281,2003.43994140625,BERYL,2024
aoml/4903543/profiles/D4903543_079.nc,aoml/4903543/profiles/D4903543_079.nc,4903543,79.0,2024-07-07T06:30:23Z,23.51043,-95.69053,2009.3599853515625,BERYL,2024
aoml/4903544/profiles/D4903544_078.nc,aoml/4903544/profiles/D4903544_078.nc,4903544,78.0,2024-07-02T04:58:36Z,26.33781,-85.65433,2003.47998046875,BERYL,2024
aoml/4903544/profiles/D4903544_079.nc,aoml/4903544/profiles/D4903544_079.nc,4903544,79.0,2024-07-07T05:42:42Z,26.12913,-85.68192,2007.56005859375,BERYL,2024
aoml/4903545/profiles/D4903545_078.nc,aoml/4903545/profiles/D4903545_078.nc,4903545,78.0,2024-06-30T02:57:05Z,25.60642,-86.57855,2003.6400146484375,BERYL,2024
aoml/4903545/profiles/D4903545_079.nc,aoml/4903545/profiles/D4903545_079.nc,4903545,79.0,2024-07-05T03:38:16Z,25.74644,-87.09278,2005.56005859375,BERYL,2024
aoml/4903545/profiles/D4903545_080.nc,aoml/4903545/profiles/D4903545_080.nc,4903545,80.0,2024-07-10T04:17:33Z,25.95386,-87.38506,2015.4000244140625,BERYL,2024
aoml/4903546/profiles/D4903546_078.nc,aoml/4903546/profiles/D4903546_078.nc,4903546,78.0,2024-07-01T06:28:07Z,23.73719,-95.98747,2005.4000244140625,BERYL,2024
aoml/4903546/profiles/D4903546_079.nc,aoml/4903546/profiles/D4903546_079.nc,4903546,79.0,2024-07-06T07:01:52Z,23.76178,-95.96151,2009.0799560546875,BERYL,2024
aoml/4903546/profiles/D4903546_080.nc,aoml/4903546/profiles/D4903546_080.nc,4903546,80.0,2024-07-11T07:30:31Z,23.82819,-95.97652,2015.0799560546875,BERYL,2024
aoml/4903547/profiles/D4903547_078.nc,aoml/4903547/profiles/D4903547_078.nc,4903547,78.0,2024-07-01T19:46:27Z,23.67713,-95.20845,2003.3199462890625,BERYL,2024
aoml/4903547/profiles/D4903547_079.nc,aoml/4903547/profiles/D4903547_079.nc,4903547,79.0,2024-07-06T20:21:16Z,23.13535,-95.33038,2015.4000244140625,BERYL,2024
aoml/4903547/profiles/D4903547_080.nc,aoml/4903547/profiles/D4903547_080.nc,4903547,80.0,2024-07-11T20:51:35Z,22.6527,-95.42827,2011.52001953125,BERYL,2024
aoml/4903548/profiles/D4903548_078.nc,aoml/4903548/profiles/D4903548_078.nc,4903548,78.0,2024-07-01T04:14:02Z,26.43049,-89.5932,2003.8399658203125,BERYL,2024
aoml/4903548/profiles/D4903548_079.nc,aoml/4903548/profiles/D4903548_079.nc,4903548,79.0,2024-07-06T04:51:59Z,26.33106,-89.63028,2013.6400146484375,BERYL,2024
aoml/4903548/profiles/D4903548_080.nc,aoml/4903548/profiles/D4903548_080.nc,4903548,80.0,2024-07-11T05:30:10Z,26.33813,-89.45323,2014.1600341796875,BERYL,2024
aoml/4903549/profiles/D4903549_078.nc,aoml/4903549/profiles/D4903549_078.nc,4903549,78.0,2024-07-01T10:27:19Z,26.95087,-88.30188,1801.47998046875,BERYL,2024
aoml/4903549/profiles/D4903549_079.nc,aoml/4903549/profiles/D4903549_079.nc,4903549,79.0,2024-07-06T11:16:57Z,26.65671,-88.21551,1765.47998046875,BERYL,2024
aoml/4903549/profiles/D4903549_080.nc,aoml/4903549/profiles/D4903549_080.nc,4903549,80.0,2024-07-11T12:18:44Z,26.84757,-87.47826,1797.47998046875,BERYL,2024
aoml/4903550/profiles/D4903550_078.nc,aoml/4903550/profiles/D4903550_078.nc,4903550,78.0,2024-06-30T17:16:13Z,25.17198,-89.31991,2005.3199462890625,BERYL,2024
aoml/4903550/profiles/D4903550_079.nc,aoml/4903550/profiles/D4903550_079.nc,4903550,79.0,2024-07-05T18:04:40Z,25.13601,-89.36436,2017.43994140625,BERYL,2024
aoml/4903550/profiles/D4903550_080.nc,aoml/4903550/profiles/D4903550_080.nc,4903550,80.0,2024-07-10T18:43:18Z,25.00588,-89.42915,2004.1600341796875,BERYL,2024
aoml/4903551/profiles/D4903551_078.nc,aoml/4903551/profiles/D4903551_078.nc,4903551,78.0,2024-06-30T18:33:10Z,24.85732,-86.32897,2011.1600341796875,BERYL,2024
aoml/4903551/profiles/D4903551_079.nc,aoml/4903551/profiles/D4903551_079.nc,4903551,79.0,2024-07-05T19:11:26Z,24.65985,-86.04317,2004.0400390625,BERYL,2024
aoml/4903551/profiles/D4903551_080.nc,aoml/4903551/profiles/D4903551_080.nc,4903551,80.0,2024-07-10T19:59:19Z,24.66689,-85.74379,2011.239990234375,BERYL,2024
aoml/4903552/profiles/D4903552_078.nc,aoml/4903552/profiles/D4903552_078.nc,4903552,78.0,2024-06-30T04:58:57Z,24.65276,-84.30003,2001.56005859375,BERYL,2024
aoml/4903552/profiles/D4903552_079.nc,aoml/4903552/profiles/D4903552_079.nc,4903552,79.0,2024-07-05T05:47:56Z,24.75412,-84.43942,2011.1600341796875,BERYL,2024
aoml/4903552/profiles/D4903552_080.nc,aoml/4903552/profiles/D4903552_080.nc,4903552,80.0,2024-07-10T06:36:57Z,24.98475,-84.52007,2009.0,BERYL,2024
aoml/4903554/profiles/D4903554_085.nc,aoml/4903554/profiles/D4903554_085.nc,4903554,85.0,2024-07-02T04:41:26Z,23.39518,-84.39585,1948.0,BERYL,2024
aoml/4903554/profiles/D4903554_086.nc,aoml/4903554/profiles/D4903554_086.nc,4903554,86.0,2024-07-07T05:58:39Z,23.24864,-84.30176,1941.56005859375,BERYL,2024
aoml/4903555/profiles/D4903555_077.nc,aoml/4903555/profiles/D4903555_077.nc,4903555,77.0,2024-06-28T02:24:22Z,25.65695,-94.07949,2009.8800048828125,BERYL,2024
aoml/4903555/profiles/D4903555_078.nc,aoml/4903555/profiles/D4903555_078.nc,4903555,78.0,2024-07-03T03:39:11Z,25.65188,-93.8926,2009.9200439453125,BERYL,2024
aoml/4903555/profiles/D4903555_079.nc,aoml/4903555/profiles/D4903555_079.nc,4903555,79.0,2024-07-08T05:00:40Z,25.52396,-93.44412,2003.9599609375,BERYL,2024
aoml/4903556/profiles/D4903556_078.nc,aoml/4903556/profiles/D4903556_078.nc,4903556,78.0,2024-06-30T13:04:09Z,26.61078,-84.91956,1389.239990234375,BERYL,2024
aoml/4903556/profiles/D4903556_079.nc,aoml/4903556/profiles/D4903556_079.nc,4903556,79.0,2024-07-05T13:11:29Z,26.6334,-84.92951,1421.0,BERYL,2024
aoml/4903556/profiles/D4903556_080.nc,aoml/4903556/profiles/D4903556_080.nc,4903556,80.0,2024-07-10T13:40:52Z,26.74968,-84.97197,2005.3599853515625,BERYL,2024
aoml/4903557/profiles/D4903557_078.nc,aoml/4903557/profiles/D4903557_078.nc,4903557,78.0,2024-06-30T03:46:50Z,25.46733,-89.55086,2006.0400390625,BERYL,2024
aoml/4903557/profiles/D4903557_079.nc,aoml/4903557/profiles/D4903557_079.nc,4903557,79.0,2024-07-05T04:24:52Z,25.68543,-89.46008,2005.56005859375,BERYL,2024
aoml/4903557/profiles/D4903557_080.nc,aoml/4903557/profiles/D4903557_080.nc,4903557,80.0,2024-07-10T05:08:38Z,25.99665,-89.56456,2017.0799560546875,BERYL,2024
aoml/4903558/profiles/D4903558_043.nc,aoml/4903558/profiles/D4903558_043.nc,4903558,43.0,2024-07-04T13:39:32Z,19.15576,-74.24295,1842.199951171875,BERYL,2024
aoml/4903558/profiles/D4903558_044.nc,aoml/4903558/profiles/D4903558_044.nc,4903558,44.0,2024-07-10T01:31:53Z,19.14289,-74.0288,1866.3199462890625,BERYL,2024
aoml/4903559/profiles/D4903559_044.nc,aoml/4903559/profiles/D4903559_044.nc,4903559,44.0,2024-07-03T05:58:31Z,19.6195,-84.45493,2006.52001953125,BERYL,2024
aoml/4903559/profiles/D4903559_045.nc,aoml/4903559/profiles/D4903559_045.nc,4903559,45.0,2024-07-08T14:34:25Z,19.68705,-84.36833,2004.1600341796875,BERYL,2024
aoml/4903561/profiles/D4903561_043.nc,aoml/4903561/profiles/D4903561_043.nc,4903561,43.0,2024-07-02T13:18:53Z,18.79685,-77.41075,2015.199951171875,BERYL,2024
aoml/4903562/profiles/D4903562_044.nc,aoml/4903562/profiles/D4903562_044.nc,4903562,44.0,2024-07-02T21:55:02Z,19.0848,-86.14609,2011.5999755859375,BERYL,2024
aoml/4903562/profiles/D4903562_045.nc,aoml/4903562/profiles/D4903562_045.nc,4903562,45.0,2024-07-08T06:40:03Z,19.29365,-86.45708,2009.4000244140625,BERYL,2024
aoml/4903563/profiles/D4903563_046.nc,aoml/4903563/profiles/D4903563_046.nc,4903563,46.0,2024-07-03T17:24:43Z,19.39812,-81.67662,2009.47998046875,BERYL,2024
aoml/4903563/profiles/D4903563_047.nc,aoml/4903563/profiles/D4903563_047.nc,4903563,47.0,2024-07-09T02:13:09Z,19.45655,-81.42328,2007.43994140625,BERYL,2024
aoml/4903570/profiles/R4903570_021.nc,aoml/4903570/profiles/R4903570_021.nc,4903570,21.0,2024-07-01T01:37:58Z,32.9258,-64.4726,1948.760009765625,BERYL,2024
aoml/4903570/profiles/R4903570_021.nc,aoml/4903570/profiles/R4903570_021.nc,4903570,21.0,2024-07-01T01:37:58Z,32.9258,-64.4726,1948.760009765625,BERYL,2024
aoml/4903570/profiles/R4903570_022.nc,aoml/4903570/profiles/R4903570_022.nc,4903570,22.0,2024-07-11T01:42:06Z,32.9408,-65.2152,1949.1400146484375,BERYL,2024
aoml/4903570/profiles/R4903570_022.nc,aoml/4903570/profiles/R4903570_022.nc,4903570,22.0,2024-07-11T01:42:06Z,32.9408,-65.2152,1949.1400146484375,BERYL,2024
aoml/4903622/profiles/R4903622_102.nc,aoml/4903622/profiles/R4903622_102.nc,4903622,102.0,2024-07-04T19:42:40Z,21.9042,-92.6615,1899.22998046875,BERYL,2024
aoml/4903622/profiles/R4903622_102.nc,aoml/4903622/profiles/R4903622_102.nc,4903622,102.0,2024-07-04T19:42:40Z,21.9042,-92.6615,1899.22998046875,BERYL,2024
aoml/4903766/profiles/D4903766_013.nc,aoml/4903766/profiles/D4903766_013.nc,4903766,13.0,2024-07-02T19:25:56Z,14.40147,-73.18116,2007.9599609375,BERYL,2024
aoml/4903767/profiles/D4903767_013.nc,aoml/4903767/profiles/D4903767_013.nc,4903767,13.0,2024-07-03T13:41:45Z,12.13572,-76.04729,2003.4000244140625,BERYL,2024
aoml/4903768/profiles/D4903768_013.nc,aoml/4903768/profiles/D4903768_013.nc,4903768,13.0,2024-07-03T03:34:43Z,13.32039,-76.19788,2006.1199951171875,BERYL,2024
aoml/5906023/profiles/D5906023_198.nc,aoml/5906023/profiles/D5906023_198.nc,5906023,198.0,2024-07-02T04:08:54Z,7.627,-98.822,1997.9500732421875,BERYL,2024
aoml/5906340/profiles/D5906340_119.nc,aoml/5906340/profiles/D5906340_119.nc,5906340,119.0,2024-06-29T11:22:49Z,26.827,-50.754,1899.219970703125,BERYL,2024
aoml/5906340/profiles/D5906340_119.nc,aoml/5906340/profiles/D5906340_119.nc,5906340,119.0,2024-06-29T11:22:49Z,26.827,-50.754,1899.219970703125,BERYL,2024
aoml/5906340/profiles/D5906340_120.nc,aoml/5906340/profiles/D5906340_120.nc,5906340,120.0,2024-07-09T12:14:30Z,26.918,-51.02,1898.8800048828125,BERYL,2024
aoml/5906340/profiles/D5906340_120.nc,aoml/5906340/profiles/D5906340_120.nc,5906340,120.0,2024-07-09T12:14:30Z,26.918,-51.02,1898.8800048828125,BERYL,2024
aoml/5906342/profiles/D5906342_120.nc,aoml/5906342/profiles/D5906342_120.nc,5906342,120.0,2024-07-03T11:50:58Z,37.318,-65.91,1999.320068359375,BERYL,2024
aoml/5906342/profiles/D5906342_120.nc,aoml/5906342/profiles/D5906342_120.nc,5906342,120.0,2024-07-03T11:50:58Z,37.318,-65.91,1999.320068359375,BERYL,2024
aoml/5906343/profiles/D5906343_119.nc,aoml/5906343/profiles/D5906343_119.nc,5906343,119.0,2024-07-06T12:55:07Z,19.836,-46.021,1999.75,BERYL,2024
aoml/5906343/profiles/D5906343_119.nc,aoml/5906343/profiles/D5906343_119.nc,5906343,119.0,2024-07-06T12:55:07Z,19.836,-46.021,1999.75,BERYL,2024
aoml/5906435/profiles/D5906435_119.nc,aoml/5906435/profiles/D5906435_119.nc,5906435,119.0,2024-06-28T02:47:34Z,33.884,-54.442,1999.0699462890625,BERYL,2024
aoml/5906435/profiles/D5906435_119.nc,aoml/5906435/profiles/D5906435_119.nc,5906435,119.0,2024-06-28T02:47:34Z,33.884,-54.442,1999.0699462890625,BERYL,2024
aoml/5906435/profiles/D5906435_120.nc,aoml/5906435/profiles/D5906435_120.nc,5906435,120.0,2024-07-08T03:43:20Z,34.354,-54.8,1998.969970703125,BERYL,2024
aoml/5906435/profiles/D5906435_120.nc,aoml/5906435/profiles/D5906435_120.nc,5906435,120.0,2024-07-08T03:43:20Z,34.354,-54.8,1998.969970703125,BERYL,2024
aoml/5906436/profiles/D5906436_114.nc,aoml/5906436/profiles/D5906436_114.nc,5906436,114.0,2024-06-30T12:11:40Z,26.553,-54.56,1798.0113525390625,BERYL,2024
aoml/5906436/profiles/D5906436_114.nc,aoml/5906436/profiles/D5906436_114.nc,5906436,114.0,2024-06-30T12:11:40Z,26.553,-54.56,1798.0113525390625,BERYL,2024
aoml/5906437/profiles/D5906437_116.nc,aoml/5906437/profiles/D5906437_116.nc,5906437,116.0,2024-06-29T17:11:40Z,14.775,-72.232,1999.550048828125,BERYL,2024
aoml/5906437/profiles/D5906437_116.nc,aoml/5906437/profiles/D5906437_116.nc,5906437,116.0,2024-06-29T17:11:40Z,14.775,-72.232,1999.550048828125,BERYL,2024
aoml/5906437/profiles/D5906437_117.nc,aoml/5906437/profiles/D5906437_117.nc,5906437,117.0,2024-07-09T17:53:03Z,14.765,-72.309,1999.0699462890625,BERYL,2024
aoml/5906437/profiles/D5906437_117.nc,aoml/5906437/profiles/D5906437_117.nc,5906437,117.0,2024-07-09T17:53:03Z,14.765,-72.309,1999.0699462890625,BERYL,2024
aoml/5906438/profiles/D5906438_115.nc,aoml/5906438/profiles/D5906438_115.nc,5906438,115.0,2024-06-30T14:13:54Z,38.292,-64.64,1999.2099609375,BERYL,2024
aoml/5906438/profiles/D5906438_115.nc,aoml/5906438/profiles/D5906438_115.nc,5906438,115.0,2024-06-30T14:13:54Z,38.292,-64.64,1999.2099609375,BERYL,2024
aoml/5906438/profiles/D5906438_116.nc,aoml/5906438/profiles/D5906438_116.nc,5906438,116.0,2024-07-10T15:32:04Z,38.347,-62.655,1999.469970703125,BERYL,2024
aoml/5906438/profiles/D5906438_116.nc,aoml/5906438/profiles/D5906438_116.nc,5906438,116.0,2024-07-10T15:32:04Z,38.347,-62.655,1999.469970703125,BERYL,2024
aoml/5906439/profiles/D5906439_116.nc,aoml/5906439/profiles/D5906439_116.nc,5906439,116.0,2024-07-02T22:02:21Z,26.234,-76.53,1999.449951171875,BERYL,2024
aoml/5906439/profiles/D5906439_116.nc,aoml/5906439/profiles/D5906439_116.nc,5906439,116.0,2024-07-02T22:02:21Z,26.234,-76.53,1999.449951171875,BERYL,2024
aoml/5906478/profiles/D5906478_108.nc,aoml/5906478/profiles/D5906478_108.nc,5906478,108.0,2024-07-03T15:06:09Z,8.3704,-87.0227,1998.3699951171875,BERYL,2024
aoml/5906478/profiles/D5906478_108.nc,aoml/5906478/profiles/D5906478_108.nc,5906478,108.0,2024-07-03T15:06:09Z,8.3704,-87.0227,1998.3699951171875,BERYL,2024
aoml/5906479/profiles/D5906479_099.nc,aoml/5906479/profiles/D5906479_099.nc,5906479,99.0,2024-07-03T10:10:25Z,10.5821,-92.8161,1997.7799072265625,BERYL,2024
aoml/5906479/profiles/D5906479_099.nc,aoml/5906479/profiles/D5906479_099.nc,5906479,99.0,2024-07-03T10:10:25Z,10.5821,-92.8161,1997.7799072265625,BERYL,2024
aoml/5906480/profiles/D5906480_106.nc,aoml/5906480/profiles/D5906480_106.nc,5906480,106.0,2024-07-03T14:39:47Z,10.9346,-89.5409,1998.1099853515625,BERYL,2024
aoml/5906480/profiles/D5906480_106.nc,aoml/5906480/profiles/D5906480_106.nc,5906480,106.0,2024-07-03T14:39:47Z,10.9346,-89.5409,1998.1099853515625,BERYL,2024
aoml/5906483/profiles/D5906483_088.nc,aoml/5906483/profiles/D5906483_088.nc,5906483,88.0,2024-07-03T21:57:07Z,14.712,-95.271,1999.43994140625,BERYL,2024
aoml/5906483/profiles/D5906483_088.nc,aoml/5906483/profiles/D5906483_088.nc,5906483,88.0,2024-07-03T21:57:07Z,14.712,-95.271,1999.43994140625,BERYL,2024
aoml/7901009/profiles/R7901009_039.nc,aoml/7901009/profiles/R7901009_039.nc,7901009,39.0,2024-07-01T09:00:19Z,22.0311,-86.0344,1298.7900390625,BERYL,2024
aoml/7901009/profiles/R7901009_039.nc,aoml/7901009/profiles/R7901009_039.nc,7901009,39.0,2024-07-01T09:00:19Z,22.0311,-86.0344,1298.7900390625,BERYL,2024
aoml/7901009/profiles/R7901009_040.nc,aoml/7901009/profiles/R7901009_040.nc,7901009,40.0,2024-07-11T14:41:59Z,21.9791,-86.0782,1299.3599853515625,BERYL,2024
aoml/7901009/profiles/R7901009_040.nc,aoml/7901009/profiles/R7901009_040.nc,7901009,40.0,2024-07-11T14:41:59Z,21.9791,-86.0782,1299.3599853515625,BERYL,2024
aoml/7902103/profiles/D7902103_001.nc,aoml/7902103/profiles/D7902103_001.nc,7902103,1.0,2024-07-08T08:34:06Z,6.9644,-96.5792,1999.7099609375,BERYL,2024
aoml/7902103/profiles/D7902103_001.nc,aoml/7902103/profiles/D7902103_001.nc,7902103,1.0,2024-07-08T08:34:06Z,6.9644,-96.5792,1999.7099609375,BERYL,2024
bodc/3901971/profiles/D3901971_216.nc,bodc/3901971/profiles/D3901971_216.nc,3901971,216.0,2024-06-29T02:47:30Z,29.773228333333332,-48.346938333333334,1992.800048828125,BERYL,2024
bodc/3901971/profiles/D3901971_217.nc,bodc/3901971/profiles/D3901971_217.nc,3901971,217.0,2024-07-09T07:48:30Z,29.530946666666665,-48.74827,1985.5,BERYL,2024
bodc/3902491/profiles/D3902491_075.nc,bodc/3902491/profiles/D3902491_075.nc,3902491,75.0,2024-07-03T12:16:00Z,35.995326666666664,-70.27214833333333,1975.199951171875,BERYL,2024
bodc/3902495/profiles/R3902495_031.nc,bodc/3902495/profiles/R3902495_031.nc,3902495,31.0,2024-07-03T02:37:20Z,41.99644166666667,-55.653391666666664,2013.699951171875,BERYL,2024
bodc/4903662/profiles/D4903662_098.nc,bodc/4903662/profiles/D4903662_098.nc,4903662,98.0,2024-07-01T12:25:00Z,35.882531666666665,-58.886923333333336,1993.0,BERYL,2024
bodc/4903662/profiles/D4903662_099.nc,bodc/4903662/profiles/D4903662_099.nc,4903662,99.0,2024-07-11T12:27:00Z,34.704098333333334,-58.9628,1994.5999755859375,BERYL,2024
bodc/6901199/profiles/R6901199_261.nc,bodc/6901199/profiles/R6901199_261.nc,6901199,261.0,2024-06-29T15:47:43Z,45.9047,-39.64,1899.699951171875,BERYL,2024
bodc/6901922/profiles/R6901922_376.nc,bodc/6901922/profiles/R6901922_376.nc,6901922,376.0,2024-07-02T16:27:46Z,32.5241,-39.161,358.5,BERYL,2024
bodc/6901922/profiles/R6901922_377.nc,bodc/6901922/profiles/R6901922_377.nc,6901922,377.0,2024-07-10T12:58:19Z,33.1392,-39.9906,359.70001220703125,BERYL,2024
bodc/6903716/profiles/R6903716_158.nc,bodc/6903716/profiles/R6903716_158.nc,6903716,158.0,2024-06-28T18:41:04Z,24.6904,-39.3628,1986.300048828125,BERYL,2024
bodc/6903716/profiles/R6903716_159.nc,bodc/6903716/profiles/R6903716_159.nc,6903716,159.0,2024-07-08T14:46:14Z,24.4909,-38.7894,1990.300048828125,BERYL,2024
bodc/6990520/profiles/R6990520_027.nc,bodc/6990520/profiles/R6990520_027.nc,6990520,27.0,2024-07-06T10:18:22Z,40.2414,-37.9469,1997.93994140625,BERYL,2024
bodc/6990521/profiles/R6990521_027.nc,bodc/6990521/profiles/R6990521_027.nc,6990521,27.0,2024-07-07T08:44:18Z,39.3331,-39.043,1995.8599853515625,BERYL,2024
bodc/7901008/profiles/R7901008_093.nc,bodc/7901008/profiles/R7901008_093.nc,7901008,93.0,2024-07-06T07:10:22Z,36.5999,-67.666,1993.0,BERYL,2024
coriolis/2903766/profiles/R2903766_091.nc,coriolis/2903766/profiles/R2903766_091.nc,2903766,91.0,2024-07-06T01:52:40Z,14.230346666666666,-78.63489166666666,2011.4000244140625,BERYL,2024
coriolis/3901602/profiles/D3901602_285.nc,coriolis/3901602/profiles/D3901602_285.nc,3901602,285.0,2024-06-29T14:36:14Z,32.836,-60.23200000000003,1949.7000732421875,BERYL,2024
coriolis/3901602/profiles/D3901602_286.nc,coriolis/3901602/profiles/D3901602_286.nc,3901602,286.0,2024-07-09T12:00:08Z,32.636,-60.331999999999994,1999.5,BERYL,2024
coriolis/3901604/profiles/D3901604_285.nc,coriolis/3901604/profiles/D3901604_285.nc,3901604,285.0,2024-06-30T19:14:20Z,35.132,-72.60500000000002,1949.60009765625,BERYL,2024
coriolis/3901604/profiles/D3901604_286.nc,coriolis/3901604/profiles/D3901604_286.nc,3901604,286.0,2024-07-10T16:34:48Z,34.586,-72.18400000000003,1998.800048828125,BERYL,2024
coriolis/3901682/profiles/D3901682_202.nc,coriolis/3901682/profiles/D3901682_202.nc,3901682,202.0,2024-07-01T18:56:27Z,12.300013913597274,-41.032029431127555,1978.83251953125,BERYL,2024
coriolis/3901682/profiles/D3901682_203.nc,coriolis/3901682/profiles/D3901682_203.nc,3901682,203.0,2024-07-11T23:47:38Z,12.186842747966269,-41.29836936053685,1967.64501953125,BERYL,2024
coriolis/3901684/profiles/D3901684_203.nc,coriolis/3901684/profiles/D3901684_203.nc,3901684,203.0,2024-07-06T14:00:39Z,17.04262,-46.58733,1991.7301025390625,BERYL,2024
coriolis/3901686/profiles/D3901686_159.nc,coriolis/3901686/profiles/D3901686_159.nc,3901686,159.0,2024-07-01T22:02:20Z,22.090211666666665,-58.21192333333333,2008.199951171875,BERYL,2024
coriolis/3901687/profiles/D3901687_159.nc,coriolis/3901687/profiles/D3901687_159.nc,3901687,159.0,2024-07-06T22:10:20Z,41.79694833333333,-53.06760166666667,1981.199951171875,BERYL,2024
coriolis/3902001/profiles/R3902001_094.nc,coriolis/3902001/profiles/R3902001_094.nc,3902001,94.0,2024-07-03T14:47:30Z,34.90156666666667,-52.356205,2021.4000244140625,BERYL,2024
coriolis/3902457/profiles/R3902457_091.nc,coriolis/3902457/profiles/R3902457_091.nc,3902457,91.0,2024-07-06T01:41:40Z,17.773483333333335,-67.35327833333334,2007.800048828125,BERYL,2024
coriolis/3902458/profiles/R3902458_057.nc,coriolis/3902458/profiles/R3902458_057.nc,3902458,57.0,2024-07-01T14:35:30Z,43.520195,-42.84702166666667,2001.9000244140625,BERYL,2024
coriolis/3902458/profiles/R3902458_058.nc,coriolis/3902458/profiles/R3902458_058.nc,3902458,58.0,2024-07-11T19:23:30Z,41.19199666666667,-39.57255166666667,2052.300048828125,BERYL,2024
coriolis/4903629/profiles/R4903629_091.nc,coriolis/4903629/profiles/R4903629_091.nc,4903629,91.0,2024-07-06T01:51:40Z,14.611238333333333,-69.519305,2031.9000244140625,BERYL,2024
coriolis/4903643/profiles/R4903643_111.nc,coriolis/4903643/profiles/R4903643_111.nc,4903643,111.0,2024-07-02T13:22:00Z,12.96394,-40.68859,1009.2000122070312,BERYL,2024
coriolis/4903668/profiles/D4903668_039.nc,coriolis/4903668/profiles/D4903668_039.nc,4903668,39.0,2024-07-04T11:18:00Z,43.64599,-42.84152666666667,1964.9000244140625,BERYL,2024
coriolis/4903668/profiles/D4903668_040.nc,coriolis/4903668/profiles/D4903668_040.nc,4903668,40.0,2024-07-11T11:27:00Z,43.508305,-41.70399666666667,1966.5999755859375,BERYL,2024
coriolis/4903762/profiles/R4903762_034.nc,coriolis/4903762/profiles/R4903762_034.nc,4903762,34.0,2024-06-28T02:38:40Z,15.16824,-43.66869666666667,2005.800048828125,BERYL,2024
coriolis/4903762/profiles/R4903762_035.nc,coriolis/4903762/profiles/R4903762_035.nc,4903762,35.0,2024-07-07T21:33:40Z,15.054165,-43.67610166666667,1998.699951171875,BERYL,2024
coriolis/6900893/profiles/D6900893_173.nc,coriolis/6900893/profiles/D6900893_173.nc,6900893,173.0,2024-07-03T10:51:20Z,14.669226666666667,-55.67098166666667,2007.4000244140625,BERYL,2024
coriolis/6901996/profiles/D6901996_094.nc,coriolis/6901996/profiles/D6901996_094.nc,6901996,94.0,2024-07-02T14:40:30Z,33.257725,-39.247931666666666,2017.199951171875,BERYL,2024
coriolis/6901997/profiles/D6901997_094.nc,coriolis/6901997/profiles/D6901997_094.nc,6901997,94.0,2024-07-06T14:54:30Z,29.615383333333334,-59.82627,2006.800048828125,BERYL,2024
coriolis/6902841/profiles/R6902841_159.nc,coriolis/6902841/profiles/R6902841_159.nc,6902841,159.0,2024-06-28T06:45:00Z,9.099,-56.752999999999986,1979.0,BERYL,2024
coriolis/6902841/profiles/R6902841_160.nc,coriolis/6902841/profiles/R6902841_160.nc,6902841,160.0,2024-07-08T06:55:00Z,8.902,-56.891999999999996,2029.0,BERYL,2024
coriolis/6902878/profiles/D6902878_228.nc,coriolis/6902878/profiles/D6902878_228.nc,6902878,228.0,2024-07-02T23:16:29Z,6.422923333333333,-46.092751666666665,1986.4000244140625,BERYL,2024
coriolis/6902915/profiles/R6902915_196.nc,coriolis/6902915/profiles/R6902915_196.nc,6902915,196.0,2024-07-02T11:40:30Z,26.853369999999998,-47.800958333333334,2016.0999755859375,BERYL,2024
coriolis/6902958/profiles/R6902958_228.nc,coriolis/6902958/profiles/R6902958_228.nc,6902958,228.0,2024-06-29T04:21:29Z,13.853908333333333,-51.541048333333336,1980.699951171875,BERYL,2024
coriolis/6902958/profiles/R6902958_229.nc,coriolis/6902958/profiles/R6902958_229.nc,6902958,229.0,2024-07-08T23:20:00Z,14.021203333333334,-51.27638,1977.5,BERYL,2024
coriolis/6903044/profiles/R6903044_139.nc,coriolis/6903044/profiles/R6903044_139.nc,6903044,139.0,2024-06-28T06:26:30Z,7.439426666666667,-43.798296666666666,2007.800048828125,BERYL,2024
coriolis/6903044/profiles/R6903044_140.nc,coriolis/6903044/profiles/R6903044_140.nc,6903044,140.0,2024-07-08T11:40:30Z,8.093601666666666,-43.941,1977.0,BERYL,2024
coriolis/6903111/profiles/R6903111_072.nc,coriolis/6903111/profiles/R6903111_072.nc,6903111,72.0,2024-07-01T10:24:30Z,17.010743333333334,-63.710458333333335,1209.300048828125,BERYL,2024
coriolis/6903111/profiles/R6903111_073.nc,coriolis/6903111/profiles/R6903111_073.nc,6903111,73.0,2024-07-11T16:29:30Z,17.020088333333334,-63.79629666666666,1333.300048828125,BERYL,2024
coriolis/6903112/profiles/R6903112_072.nc,coriolis/6903112/profiles/R6903112_072.nc,6903112,72.0,2024-07-02T21:37:30Z,20.17439,-54.29621,1991.4000244140625,BERYL,2024
coriolis/6903121/profiles/D6903121_094.nc,coriolis/6903121/profiles/D6903121_094.nc,6903121,94.0,2024-07-05T14:41:30Z,34.32008833333333,-62.42508333333333,2017.800048828125,BERYL,2024
coriolis/6903122/profiles/D6903122_094.nc,coriolis/6903122/profiles/D6903122_094.nc,6903122,94.0,2024-07-05T14:16:30Z,36.12386333333333,-61.735195,1996.300048828125,BERYL,2024
coriolis/6903123/profiles/D6903123_094.nc,coriolis/6903123/profiles/D6903123_094.nc,6903123,94.0,2024-07-06T14:41:30Z,29.930111666666665,-52.99885666666667,2001.199951171875,BERYL,2024
coriolis/6903134/profiles/R6903134_091.nc,coriolis/6903134/profiles/R6903134_091.nc,6903134,91.0,2024-07-06T01:52:30Z,16.165433333333333,-74.39777833333333,1992.300048828125,BERYL,2024
coriolis/6903135/profiles/R6903135_091.nc,coriolis/6903135/profiles/R6903135_091.nc,6903135,91.0,2024-07-06T01:49:30Z,15.006216666666667,-73.92203,2002.0,BERYL,2024
coriolis/6903137/profiles/R6903137_091.nc,coriolis/6903137/profiles/R6903137_091.nc,6903137,91.0,2024-07-06T01:51:30Z,14.681056666666667,-70.30801666666666,2001.0999755859375,BERYL,2024
coriolis/6904126/profiles/D6904126_095.nc,coriolis/6904126/profiles/D6904126_095.nc,6904126,95.0,2024-07-06T10:46:19Z,29.003103333333332,-56.390098333333334,1996.4000244140625,BERYL,2024
coriolis/6904128/profiles/D6904128_095.nc,coriolis/6904128/profiles/D6904128_095.nc,6904128,95.0,2024-07-02T10:35:20Z,30.313813333333332,-40.782535,2011.4000244140625,BERYL,2024
coriolis/6904140/profiles/D6904140_095.nc,coriolis/6904140/profiles/D6904140_095.nc,6904140,95.0,2024-07-04T10:47:20Z,30.51876,-43.53977666666667,2016.0,BERYL,2024
coriolis/6990501/profiles/D6990501_068.nc,coriolis/6990501/profiles/D6990501_068.nc,6990501,68.0,2024-07-02T09:48:08Z,42.885,-45.99200000000002,2000.800048828125,BERYL,2024
coriolis/7900523/profiles/D7900523_186.nc,coriolis/7900523/profiles/D7900523_186.nc,7900523,186.0,2024-06-30T21:55:19Z,40.11517833333333,-37.310878333333335,2014.300048828125,BERYL,2024
coriolis/7900523/profiles/D7900523_187.nc,coriolis/7900523/profiles/D7900523_187.nc,7900523,187.0,2024-07-11T02:50:20Z,40.087651666666666,-37.56156166666667,2025.0,BERYL,2024
coriolis/7900524/profiles/D7900524_186.nc,coriolis/7900524/profiles/D7900524_186.nc,7900524,186.0,2024-06-29T15:49:20Z,36.866975,-39.79580333333333,2028.300048828125,BERYL,2024
coriolis/7900524/profiles/D7900524_187.nc,coriolis/7900524/profiles/D7900524_187.nc,7900524,187.0,2024-07-09T18:09:20Z,36.87634,-39.995441666666665,2005.4000244140625,BERYL,2024
coriolis/7900538/profiles/D7900538_158.nc,coriolis/7900538/profiles/D7900538_158.nc,7900538,158.0,2024-06-28T16:41:20Z,36.19530833333334,-46.46268333333333,2005.800048828125,BERYL,2024
coriolis/7900538/profiles/D7900538_159.nc,coriolis/7900538/profiles/D7900538_159.nc,7900538,159.0,2024-07-08T22:01:20Z,37.58925833333333,-46.577843333333334,2028.300048828125,BERYL,2024
coriolis/7900543/profiles/D7900543_166.nc,coriolis/7900543/profiles/D7900543_166.nc,7900543,166.0,2024-07-04T14:24:20Z,16.537958333333332,-42.01343833333333,1986.0,BERYL,2024
coriolis/7900548/profiles/D7900548_159.nc,coriolis/7900548/profiles/D7900548_159.nc,7900548,159.0,2024-07-07T21:12:20Z,29.531461666666665,-36.76164333333333,1988.9000244140625,BERYL,2024
meds/4902440/profiles/R4902440_209.nc,meds/4902440/profiles/R4902440_209.nc,4902440,209.0,2024-06-30T03:29:00Z,30.317644119262695,-46.98784637451172,2025.0999755859375,BERYL,2024
meds/4902440/profiles/R4902440_210.nc,meds/4902440/profiles/R4902440_210.nc,4902440,210.0,2024-07-10T08:37:00Z,29.889509201049805,-47.340850830078125,2025.0999755859375,BERYL,2024
meds/4902442/profiles/R4902442_208.nc,meds/4902442/profiles/R4902442_208.nc,4902442,208.0,2024-06-28T07:15:00Z,41.5686149597168,-41.82215881347656,2015.4000244140625,BERYL,2024
meds/4902442/profiles/R4902442_209.nc,meds/4902442/profiles/R4902442_209.nc,4902442,209.0,2024-07-08T12:37:00Z,41.99948501586914,-42.307044982910156,2014.5999755859375,BERYL,2024
meds/4902467/profiles/R4902467_188.nc,meds/4902467/profiles/R4902467_188.nc,4902467,188.0,2024-06-28T02:56:00Z,42.56440734863281,-56.62147521972656,2021.0,BERYL,2024
meds/4902467/profiles/R4902467_189.nc,meds/4902467/profiles/R4902467_189.nc,4902467,189.0,2024-07-08T07:49:00Z,42.5233039855957,-56.619903564453125,2031.4000244140625,BERYL,2024
meds/4902476/profiles/R4902476_189.nc,meds/4902476/profiles/R4902476_189.nc,4902476,189.0,2024-06-28T07:49:00Z,8.144611358642578,-83.56350708007812,1523.0,BERYL,2024
meds/4902476/profiles/R4902476_190.nc,meds/4902476/profiles/R4902476_190.nc,4902476,190.0,2024-07-08T10:23:00Z,7.977869987487793,-83.44384002685547,1663.699951171875,BERYL,2024
meds/4902478/profiles/R4902478_183.nc,meds/4902478/profiles/R4902478_183.nc,4902478,183.0,2024-07-02T08:14:00Z,44.279659271240234,-38.88088607788086,2024.5,BERYL,2024
meds/4902481/profiles/R4902481_183.nc,meds/4902481/profiles/R4902481_183.nc,4902481,183.0,2024-06-30T04:13:00Z,42.793212890625,-62.11469650268555,1045.199951171875,BERYL,2024
meds/4902481/profiles/R4902481_184.nc,meds/4902481/profiles/R4902481_184.nc,4902481,184.0,2024-07-10T09:12:00Z,42.75382995605469,-62.12895965576172,1133.699951171875,BERYL,2024
meds/4902498/profiles/R4902498_166.nc,meds/4902498/profiles/R4902498_166.nc,4902498,166.0,2024-07-01T07:39:00Z,38.31400680541992,-54.95282745361328,1961.0999755859375,BERYL,2024
meds/4902498/profiles/R4902498_167.nc,meds/4902498/profiles/R4902498_167.nc,4902498,167.0,2024-07-11T12:33:00Z,39.09555435180664,-54.71758270263672,2031.699951171875,BERYL,2024
meds/4902501/profiles/R4902501_135.nc,meds/4902501/profiles/R4902501_135.nc,4902501,135.0,2024-07-06T07:37:00Z,29.999094009399414,-67.77623748779297,2023.800048828125,BERYL,2024
meds/4902502/profiles/R4902502_135.nc,meds/4902502/profiles/R4902502_135.nc,4902502,135.0,2024-07-07T08:30:00Z,25.004478454589844,-69.58582305908203,1973.5,BERYL,2024
meds/4902503/profiles/R4902503_135.nc,meds/4902503/profiles/R4902503_135.nc,4902503,135.0,2024-07-07T08:18:00Z,39.984947204589844,-59.75105285644531,2001.5999755859375,BERYL,2024
meds/4902515/profiles/R4902515_100.nc,meds/4902515/profiles/R4902515_100.nc,4902515,100.0,2024-07-03T05:35:00Z,37.1439094543457,-74.10968017578125,1971.4000244140625,BERYL,2024
meds/4902518/profiles/R4902518_100.nc,meds/4902518/profiles/R4902518_100.nc,4902518,100.0,2024-07-03T20:07:00Z,34.16233825683594,-67.63341522216797,2011.5999755859375,BERYL,2024
meds/4902519/profiles/R4902519_100.nc,meds/4902519/profiles/R4902519_100.nc,4902519,100.0,2024-07-05T19:50:00Z,34.32545471191406,-56.03268051147461,2021.199951171875,BERYL,2024
meds/4902523/profiles/R4902523_135.nc,meds/4902523/profiles/R4902523_135.nc,4902523,135.0,2024-07-06T07:53:00Z,37.210838317871094,-66.35557556152344,1975.699951171875,BERYL,2024
meds/4902524/profiles/R4902524_135.nc,meds/4902524/profiles/R4902524_135.nc,4902524,135.0,2024-07-06T08:15:00Z,40.4652214050293,-55.993568420410156,2024.0999755859375,BERYL,2024
meds/4902526/profiles/R4902526_131.nc,meds/4902526/profiles/R4902526_131.nc,4902526,131.0,2024-07-07T07:40:00Z,31.206180572509766,-42.89043426513672,1971.199951171875,BERYL,2024
meds/4902561/profiles/R4902561_091.nc,meds/4902561/profiles/R4902561_091.nc,4902561,91.0,2024-07-04T23:59:00Z,14.2761869430542,-44.913333892822266,1995.9000244140625,BERYL,2024
meds/4902570/profiles/R4902570_091.nc,meds/4902570/profiles/R4902570_091.nc,4902570,91.0,2024-07-05T23:57:00Z,6.277060031890869,-37.51350021362305,2012.0,BERYL,2024
meds/4902572/profiles/R4902572_091.nc,meds/4902572/profiles/R4902572_091.nc,4902572,91.0,2024-07-07T23:51:00Z,7.509451866149902,-40.073394775390625,1972.199951171875,BERYL,2024
meds/4902573/profiles/R4902573_092.nc,meds/4902573/profiles/R4902573_092.nc,4902573,92.0,2024-07-04T05:21:00Z,31.887441635131836,-57.300846099853516,2032.4000244140625,BERYL,2024
meds/4902575/profiles/R4902575_080.nc,meds/4902575/profiles/R4902575_080.nc,4902575,80.0,2024-07-02T16:58:00Z,36.96469497680664,-38.406219482421875,2010.9000244140625,BERYL,2024
meds/4902576/profiles/R4902576_082.nc,meds/4902576/profiles/R4902576_082.nc,4902576,82.0,2024-07-08T03:17:00Z,37.58106994628906,-70.8133316040039,2011.5,BERYL,2024
meds/4902578/profiles/R4902578_076.nc,meds/4902578/profiles/R4902578_076.nc,4902578,76.0,2024-06-29T21:08:00Z,38.36274337768555,-48.39627456665039,2013.9000244140625,BERYL,2024
meds/4902590/profiles/R4902590_076.nc,meds/4902590/profiles/R4902590_076.nc,4902590,76.0,2024-06-29T21:03:00Z,33.64896011352539,-71.72512817382812,1973.300048828125,BERYL,2024
meds/4902590/profiles/R4902590_077.nc,meds/4902590/profiles/R4902590_077.nc,4902590,77.0,2024-07-10T02:12:00Z,33.67860412597656,-72.38822937011719,2023.4000244140625,BERYL,2024
meds/4902598/profiles/R4902598_066.nc,meds/4902598/profiles/R4902598_066.nc,4902598,66.0,2024-07-03T08:34:00Z,40.531620025634766,-59.55513000488281,1984.4000244140625,BERYL,2024
meds/4902599/profiles/R4902599_064.nc,meds/4902599/profiles/R4902599_064.nc,4902599,64.0,2024-07-07T17:31:00Z,34.55250930786133,-59.60403823852539,1972.300048828125,BERYL,2024
meds/4902600/profiles/R4902600_030.nc,meds/4902600/profiles/R4902600_030.nc,4902600,30.0,2024-06-28T14:43:00Z,37.155399322509766,-73.91947937011719,1983.0,BERYL,2024
meds/4902600/profiles/R4902600_031.nc,meds/4902600/profiles/R4902600_031.nc,4902600,31.0,2024-07-08T09:38:00Z,36.5476188659668,-73.83828735351562,1980.4000244140625,BERYL,2024
meds/4902601/profiles/R4902601_029.nc,meds/4902601/profiles/R4902601_029.nc,4902601,29.0,2024-06-29T16:44:00Z,36.79262924194336,-74.0855712890625,1973.5,BERYL,2024
meds/4902601/profiles/R4902601_030.nc,meds/4902601/profiles/R4902601_030.nc,4902601,30.0,2024-07-09T11:42:00Z,36.36528015136719,-73.9521713256836,1974.199951171875,BERYL,2024
meds/4902608/profiles/R4902608_027.nc,meds/4902608/profiles/R4902608_027.nc,4902608,27.0,2024-07-04T20:11:00Z,42.57733154296875,-54.29084014892578,2035.5,BERYL,2024
meds/4902609/profiles/R4902609_006.nc,meds/4902609/profiles/R4902609_006.nc,4902609,6.0,2024-07-05T21:15:00Z,18.163877487182617,-64.42471313476562,1591.0999755859375,BERYL,2024
meds/4902622/profiles/R4902622_009.nc,meds/4902622/profiles/R4902622_009.nc,4902622,9.0,2024-07-01T01:35:00Z,42.39216995239258,-63.433349609375,1881.4000244140625,BERYL,2024
meds/4902622/profiles/R4902622_010.nc,meds/4902622/profiles/R4902622_010.nc,4902622,10.0,2024-07-10T20:27:00Z,42.375301361083984,-63.60411071777344,1811.4000244140625,BERYL,2024
meds/4902627/profiles/R4902627_030.nc,meds/4902627/profiles/R4902627_030.nc,4902627,30.0,2024-07-02T10:28:00Z,39.842132568359375,-66.9209213256836,1974.0,BERYL,2024
meds/4902676/profiles/R4902676_008.nc,meds/4902676/profiles/R4902676_008.nc,4902676,8.0,2024-07-07T07:34:00Z,42.56621170043945,-61.954349517822266,1923.199951171875,BERYL,2024
