cast_id,platform,obs_time,obs_date,lat,lon,obs_surface_t_c,obs_d26_m,obs_tchp_kj_cm2,obs_max_depth_m,model_grid_lat,model_grid_lon,model_grid_distance_km,model_surface_t_c,model_d26_m,model_tchp_kj_cm2,model_max_depth_m,tchp_delta_kj_cm2,raw_rtofs_pred_tchp_kj_cm2,raw_rtofs_pred_delta_kj_cm2,raw_rtofs_abs_error_kj_cm2,ridge_delta_pred_tchp_kj_cm2,ridge_delta_pred_delta_kj_cm2,ridge_delta_abs_error_kj_cm2,gbr_delta_pred_tchp_kj_cm2,gbr_delta_pred_delta_kj_cm2,gbr_delta_abs_error_kj_cm2,rf_delta_pred_tchp_kj_cm2,rf_delta_pred_delta_kj_cm2,rf_delta_abs_error_kj_cm2
aoml/4903248/profiles/D4903248_375.nc,4903248,2024-09-29T23:42:39Z,20240929,25.83638,-94.33678,29.16200065612793,56.36615656868906,54.55559865227075,2013.0,25.80101585388184,-94.320068359375,4.273,29.20574951171875,89.96197312581835,71.47603944733167,3000.0,-16.92044079506092,71.47603944733167,0.0,16.92044079506092,100.13667644421437,28.6606369968827,45.58107779194362,49.16264283904764,-22.31339660828403,5.392955813223111,64.80365166628079,-6.672387781050887,10.248053014010033
aoml/4903356/profiles/D4903356_255.nc,4903356,2024-09-29T21:21:13Z,20240929,27.96041,-89.24142,29.17099952697754,44.95238059195961,44.16104664551766,1352.43994140625,27.94168472290039,-89.280029296875,4.326,28.704254150390625,42.25643741311975,37.61115490709723,1250.0,6.549891738420428,37.61115490709723,0.0,6.549891738420428,41.45182424909254,3.8406693419953086,2.709222396425119,39.06525040617565,1.45409549907842,5.0957962393420075,33.72852037936892,-3.8826345277283068,10.432526266148734
aoml/4903546/profiles/D4903546_096.nc,4903546,2024-09-29T17:52:17Z,20240929,21.59036,-96.38342,30.65999984741211,45.674823147819055,76.49002425587125,1890.760009765625,21.627328872680664,-96.4000244140625,4.455,30.77952003479004,51.111218980795,79.75914026138081,1500.0,-3.2691160055095594,79.75914026138081,0.0,3.2691160055095594,70.36215585676963,-9.396984404611175,6.127868399101615,76.81621571380343,-2.942924547577377,0.3261914579321825,85.75195493614133,5.992814674760524,9.261930680270083
aoml/4903548/profiles/D4903548_096.nc,4903548,2024-09-29T16:34:19Z,20240929,27.15116,-89.70664,28.992000579833984,48.545916509826206,55.01622559955487,2013.43994140625,27.16149139404297,-89.679931640625,2.881,29.472036361694336,63.13818371763301,69.44140738205179,2000.0,-14.42518178249692,69.44140738205179,0.0,14.42518178249692,87.37782153306205,17.936414151010254,32.361595933507175,64.41976833084358,-5.021639051208211,9.40354273128871,62.742163014041516,-6.699244368010277,7.725937414486644
aoml/4903550/profiles/D4903550_096.nc,4903550,2024-09-29T05:16:19Z,20240929,25.26286,-86.10289,30.15699958801269,139.42624682193244,178.99336052903553,2011.3199462890625,25.295774459838867,-86.0799560546875,4.326,30.44003677368164,108.67613260666296,139.07826310625995,3000.0,39.91509742277557,139.07826310625995,0.0,39.915097422775574,144.05449634541642,4.976233239156471,34.9388641836191,154.2305274010813,15.15226429482135,24.762833127954224,158.72375089811436,19.645487791854407,20.269609630921167
aoml/4903551/profiles/D4903551_096.nc,4903551,2024-09-29T14:07:49Z,20240929,25.74653,-89.71817,29.964000701904297,97.06912432876923,134.62049820851726,2011.43994140625,25.72896957397461,-89.679931640625,4.299,29.88621711730957,73.01371420515142,79.82827598761706,3000.0,54.7922222209002,79.82827598761706,0.0,54.7922222209002,75.42542223020409,-4.40285375741297,59.19507597831317,73.20787364243068,-6.620402345186378,61.41262456608658,72.82890237921124,-6.9993736084058185,61.79159582930602
aoml/4903556/profiles/D4903556_096.nc,4903556,2024-09-29T01:22:48Z,20240929,27.73711,-85.96959,29.14800071716309,54.24243947074703,61.3348389128669,2011.52001953125,27.729455947875977,-86.0,3.112,29.57616233825684,64.68799140803408,72.27641252420611,3000.0,-10.941573611339209,72.27641252420611,0.0,10.941573611339209,87.70783527777954,15.431422753573429,26.372996364912638,59.36390368331459,-12.912508840891519,1.9709352295523104,69.32659861332856,-2.949813910877552,7.991759700461657
aoml/4903254/profiles/D4903254_379.nc,4903254,2024-10-04T23:12:43Z,20241004,28.75684,-87.45932,28.650999069213867,43.01777460678723,40.29405133261381,1503.1600341796875,28.786420822143555,-87.43994140625,3.793,28.494295120239254,43.22514793772908,36.448731564472695,1500.0,3.845319768141117,36.448731564472695,0.0,3.845319768141117,31.622047766117987,-4.826683798354708,8.672003566495825,34.827946284920046,-1.6207852795526492,5.466105047693766,32.898929103341544,-3.5498024611311507,7.395122229272268
aoml/4903356/profiles/D4903356_256.nc,4903356,2024-10-04T19:35:44Z,20241004,27.93977,-89.26053,28.790000915527344,46.26322592458418,42.8015113908758,1343.199951171875,27.94168472290039,-89.280029296875,1.927,28.939998626708984,65.77450305152193,67.04415263727125,1250.0,-24.242641246395458,67.04415263727125,0.0,24.24264124639545,74.25956762630689,7.2154149890356365,31.458056235431087,66.68179173063717,-0.3623609066340805,23.88028033976137,65.27945713459415,-1.7646955026770996,22.47794574371835
aoml/4903546/profiles/D4903546_097.nc,4903546,2024-10-04T19:19:31Z,20241004,21.58425,-96.3699,29.69099998474121,43.18137220936346,62.58239036838637,1861.5999755859373,21.552940368652344,-96.4000244140625,4.672,29.77371597290039,48.535847203114194,63.337567825394,1500.0,-0.7551774570076262,63.337567825394,0.0,0.7551774570076262,51.474053665477385,-11.863514159916612,11.108336702908986,51.60961058034001,-11.727957245053986,10.97277978804636,52.44873438315333,-10.888833442240667,10.133655985233041
aoml/4903548/profiles/D4903548_097.nc,4903548,2024-10-04T17:08:45Z,20241004,27.14458,-89.53181,28.589000701904297,53.98762781186094,50.0937228442841,2005.6800537109373,27.16149139404297,-89.52001953125,2.213,29.23592185974121,56.762517540164325,59.31367728164004,2000.0,-9.219954437355938,59.31367728164004,0.0,9.219954437355938,64.19939420983557,4.885716928195535,14.105671365551473,59.752906494314125,0.43922921267408555,9.659183650030023,59.69792513500353,0.3842478533634903,9.604202290719428
aoml/4903550/profiles/D4903550_097.nc,4903550,2024-10-04T06:00:07Z,20241004,25.46803,-86.23948,29.97900009155273,166.71053556191336,196.52237637717437,2012.199951171875,25.44034767150879,-86.239990234375,3.079,29.957237243652344,118.04300132981167,137.94916598058782,3000.0,58.57321039658652,137.94916598058782,0.0,58.573210396586546,151.4565043645416,13.507338383953766,45.06587201263278,158.41610684114883,20.46694086056101,38.106269536025536,160.33107844821456,22.381912467626734,36.19129792895981
aoml/4903551/profiles/D4903551_097.nc,4903551,2024-10-04T14:48:19Z,20241004,25.71311,-90.59803,29.71500015258789,130.57352425564142,132.7864929331381,2007.9200439453125,25.72896957397461,-90.56005859375,4.193,29.70005989074707,94.25047647353468,110.72987544707196,3000.0,22.056617486066187,110.72987544707196,0.0,22.056617486066145,111.53532108364776,0.8054456365757972,21.251171849490348,120.4803563301459,9.750480883073934,12.306136602992211,124.11348496494577,13.383609517873808,8.673007968192337
aoml/4903556/profiles/D4903556_097.nc,4903556,2024-10-04T02:10:45Z,20241004,27.73996,-85.97125,29.31800079345703,69.30578070120013,80.95587607094186,2005.43994140625,27.729455947875977,-86.0,3.061,29.20006561279297,62.64309603440038,64.87201167171872,3000.0,16.08386439922313,64.87201167171872,0.0,16.08386439922313,70.32615356574621,5.454141894027487,10.629722505195645,52.01866634469515,-12.853345327023575,28.937209726246707,58.71098096734796,-6.161030704370766,22.244895103593898
aoml/4902349/profiles/D4902349_301.nc,4902349,2024-10-05T23:29:01Z,20241005,22.62395,-95.09589,29.256999969482425,40.302860119895,40.846051824765965,2007.800048828125,22.59084129333496,-95.1199951171875,4.436,30.304777145385746,52.3499348616894,68.54420103904816,3000.0,-27.6981492142822,68.54420103904816,0.0,27.698149214282196,55.80681229496038,-12.73738874408778,14.960760470194415,63.74150648460383,-4.802694554444329,22.895454659837867,69.16040091160212,0.6161998725539632,28.31434908683616
aoml/4903248/profiles/D4903248_376.nc,4903248,2024-10-05T03:24:26Z,20241005,25.69511,-94.03874,29.163000106811523,65.26211764056185,80.32889823391653,2012.0400390625,25.72896957397461,-94.0,5.407,29.032028198242188,88.83565275265752,83.73642833407101,3000.0,-3.4075301001544744,83.73642833407101,0.0,3.4075301001544744,91.9433447810275,8.206916446956498,11.614446547110973,87.07506082025623,3.338632486185219,6.746162586339693,90.01286536163089,6.276437027559879,9.683967127714354
aoml/4903249/profiles/D4903249_376.nc,4903249,2024-10-05T19:36:45Z,20241005,25.57806,-88.89565,29.827999114990234,54.865978773295055,69.20734501882133,2007.3199462890625,25.58474540710449,-88.8800048828125,1.736,29.312612533569336,54.20837389889992,56.53367245839662,3000.0,12.673672560424706,56.53367245839662,0.0,12.673672560424706,59.83093440761416,3.2972619492175355,9.37641061120717,56.342407306677345,-0.1912651517192785,12.864937712143984,55.609669804818054,-0.9240026535785688,13.597675214003274
aoml/4903471/profiles/D4903471_145.nc,4903471,2024-10-05T02:36:46Z,20241005,27.80691,-89.22701,28.655000686645508,56.7248947236631,53.11895217975806,1446.199951171875,27.80024528503418,-89.199951171875,2.763,28.92947006225586,63.39606438483391,61.32955506753647,1250.0,-8.210602887778407,61.32955506753647,0.0,8.210602887778407,60.55220638959757,-0.7773486779388961,7.433254209839511,45.02023938178296,-16.30931568575351,8.098712797975104,47.18151829782871,-14.148036769707758,5.937433881929351
aoml/4903543/profiles/D4903543_097.nc,4903543,2024-10-05T22:28:38Z,20241005,21.13786,-95.38831,29.399999618530277,28.11341049983818,36.17967494939864,2003.43994140625,21.10581970214844,-95.3599853515625,4.618,30.26908493041992,40.95829058845055,57.71374808287618,2500.0,-21.53407313347754,57.71374808287618,0.0,21.53407313347754,46.81734471538928,-10.896403367486897,10.637669765990644,44.05242310388988,-13.6613249789863,7.872748154491241,51.47793297529931,-6.235815107576869,15.298258025900672
aoml/4903544/profiles/D4903544_097.nc,4903544,2024-10-05T19:11:25Z,20241005,24.87046,-86.55614,30.090999603271484,147.0719058541937,169.0678474832532,2013.3599853515625,24.861026763916016,-86.56005859375,1.121,29.822019577026367,105.28158126670787,117.67200691603638,3000.0,51.39584056721681,117.67200691603638,0.0,51.39584056721681,142.42934546554716,24.757338549510777,26.63850201770603,147.1914118239471,29.519404907910726,21.876435659306082,142.91454841945722,25.24254150342084,26.15329906379597
aoml/4903547/profiles/D4903547_097.nc,4903547,2024-10-05T07:06:07Z,20241005,20.64779,-95.5343,29.63500022888184,27.95165774101645,35.61668828853246,2003.56005859375,20.6573486328125,-95.52001953125,1.827,29.76024055480957,49.61554609929078,61.78386301462141,2500.0,-26.167174726088952,61.78386301462141,0.0,26.167174726088952,63.39774455841308,1.6138815437916705,27.781056269880622,52.99390509782993,-8.78995791679148,17.377216809297472,59.20938078928682,-2.5744822253345916,23.59269250075436
aoml/4903549/profiles/D4903549_097.nc,4903549,2024-10-05T03:34:07Z,20241005,26.82173,-87.48267,29.68600082397461,70.29407723031431,99.00994439186304,1759.5999755859375,26.805036544799805,-87.52001953125,4.145,29.52680969238281,100.90566738174124,117.2485560205495,2500.0,-18.238611628686456,117.2485560205495,0.0,18.238611628686456,122.16154590470549,4.912989884155991,23.151601512842447,119.6550070767003,2.4064510561508,20.645062684837256,127.6933286725228,10.444772651973295,28.68338428065975
aoml/4903559/profiles/D4903559_062.nc,4903559,2024-10-05T17:34:57Z,20241005,19.06502,-82.64735,30.691999435424805,173.1236373115562,220.14760173872745,1011.3200073242188,19.077402114868164,-82.6400146484375,1.578,30.03610038757324,158.93310200177064,192.46375677166432,3000.0,27.68384496706309,192.46375677166432,0.0,27.683844967063123,257.5383221262506,65.07456535458627,37.390720387523146,219.64867755637056,27.184920784706236,0.4989241823568875,224.45514304995297,31.991386278288644,4.3075413112255205
aoml/4903622/profiles/R4903622_111.nc,4903622,2024-10-05T17:25:19Z,20241005,24.0418,-90.2212,30.167999267578125,62.7314303004379,83.64719076413571,1899.4801025390625,24.06001853942871,-90.239990234375,2.783,29.79802131652832,51.92899234239625,62.96433789841147,3000.0,20.682852865724243,62.96433789841147,0.0,20.682852865724243,63.29707877955422,0.33274088114274747,20.350111984581496,71.42352973060585,8.459191832194378,12.223661033529865,66.4228427728978,3.458504874486323,17.22434799123792
aoml/4903622/profiles/R4903622_111.nc,4903622,2024-10-05T17:25:19Z,20241005,24.0418,-90.2212,30.167999267578125,62.7314303004379,83.64719076413571,1899.4801025390625,24.06001853942871,-90.239990234375,2.783,29.79802131652832,51.92899234239625,62.96433789841147,3000.0,20.682852865724243,62.96433789841147,0.0,20.682852865724243,63.29707877955422,0.33274088114274747,20.350111984581496,71.42352973060585,8.459191832194378,12.223661033529865,66.4228427728978,3.458504874486323,17.22434799123792
aoml/4902352/profiles/D4902352_305.nc,4902352,2024-10-06T14:23:56Z,20241006,24.04542,-96.67351,30.011999130249023,60.57654491302264,86.67037114160334,1252.9200439453125,24.06001853942871,-96.6400146484375,3.769,29.80813789367676,64.98850413148462,86.25309101396225,1250.0,0.4172801276410922,86.25309101396225,0.0,0.41728012764109224,70.45551961118065,-15.7975714027816,16.214851530422692,81.75678941698095,-4.496301596981297,4.913581724622389,93.0918205028184,6.838729488856146,6.421449361215053
aoml/4903279/profiles/D4903279_315.nc,4903279,2024-10-06T10:20:05Z,20241006,27.09573,-86.23151,29.88599967956543,106.39286565774684,126.77081893624364,2006.43994140625,27.09029006958008,-86.239990234375,1.035,29.83739471435547,99.15409781644892,129.35109348266917,3000.0,-2.580274546425528,129.35109348266917,0.0,2.580274546425528,143.73331671042047,14.382223227751297,16.962497774176825,149.7317858057099,20.380692323040734,22.96096686946626,150.24359654471894,20.89250306204977,23.472777608475297
aoml/4903354/profiles/D4903354_248.nc,4903354,2024-10-06T23:13:03Z,20241006,24.61674,-84.3966,28.548999786376957,44.02346223800285,29.914578675507908,2017.3199462890625,24.643075942993164,-84.4000244140625,2.949,29.207170486450195,50.37591536558716,44.15476776037858,3000.0,-14.240189084870677,44.15476776037858,0.0,14.240189084870675,56.71540103493679,12.560633274558207,26.80082235942888,55.6369026824587,11.482134922080114,25.72232400695079,54.87782552059131,10.723057760212725,24.9632468450834
aoml/4903466/profiles/D4903466_145.nc,4903466,2024-10-06T14:47:20Z,20241006,23.42756,-83.49852,29.90999984741211,133.72702012017916,155.09905748752732,2003.5999755859373,23.40089988708496,-83.52001953125,3.688,30.15070533752441,128.332856938688,125.94551431009609,2000.0,29.15354317743125,125.94551431009609,0.0,29.15354317743123,154.7104146270197,28.764900316923615,0.3886428605076162,165.70135059885223,39.75583628875614,10.602293111324911,158.6378333982455,32.69231908814942,3.5387759107181864
aoml/4903468/profiles/D4903468_148.nc,4903468,2024-10-06T11:22:04Z,20241006,25.57542,-91.97123,29.70400047302246,66.48860254602161,89.16708860503775,2003.8399658203125,25.58474540710449,-92.0,3.066,29.23870277404785,62.917669729304976,70.81693060080228,3000.0,18.350158004235468,70.81693060080228,0.0,18.350158004235468,68.80328884868631,-2.013641752115973,20.36379975635144,72.29511548092472,1.4781848801224413,16.871973124113026,66.3753358664492,-4.441594734353075,22.791752738588542
aoml/4903554/profiles/D4903554_104.nc,4903554,2024-10-06T06:06:18Z,20241006,24.34909,-84.07988,29.36899948120117,63.8740655997639,58.77838077084799,1957.43994140625,24.351882934570312,-84.0799560546875,0.311,29.54915809631348,56.18943626206196,51.19213118334558,2000.0,7.586249587502408,51.19213118334558,0.0,7.586249587502408,73.86935418400296,22.677223000657378,15.09097341315497,57.96344960606661,6.771318422721031,0.8149311647813775,62.30039825948705,11.108267076141466,3.522017488639058
aoml/4903562/profiles/D4903562_062.nc,4903562,2024-10-06T05:47:41Z,20241006,21.18148,-85.81105,29.9689998626709,119.03153452097324,144.2662866614179,989.6400146484376,21.180435180664062,-85.8399658203125,3.0,29.94904899597168,95.21972925346256,112.93015613060604,1500.0,31.336130530811843,112.93015613060604,0.0,31.336130530811857,131.9251830560104,18.995026925404375,12.341103605407483,130.29177650725367,17.361620376647636,13.974510154164221,129.87234303465138,16.942186904045343,14.393943626766514
aoml/4903563/profiles/D4903563_064.nc,4903563,2024-10-06T13:04:51Z,20241006,20.28076,-80.18906,30.190000534057617,145.70689598474135,192.0773775010381,1005.4400024414062,20.28260803222656,-80.1600341796875,3.034,30.390119552612305,112.45990299542682,152.543882664242,2000.0,39.53349483679611,152.543882664242,0.0,39.53349483679608,190.84226535276986,38.29838268852785,1.2351121482682288,186.1526969584911,33.6088142942491,5.92468054254698,181.583610668506,29.039728004263992,10.493766832532089
aoml/4903232/profiles/D4903232_396.nc,4903232,2024-10-07T09:41:57Z,20241007,22.82894,-97.04055,29.83300018310547,47.58428382807276,71.20096742470919,1603.280029296875,22.81224822998047,-97.0400390625,1.857,29.55853843688965,58.90113078552493,68.54376393955464,1250.0,2.657203485154554,68.54376393955464,0.0,2.657203485154554,60.71871284474641,-7.825051094808224,10.482254579962778,61.820200929613215,-6.723563009941422,9.380766495095976,66.32226531692564,-2.2214986226289994,4.878702107783553
aoml/4903353/profiles/D4903353_263.nc,4903353,2024-10-07T01:58:47Z,20241007,28.19249,-88.98731,28.65399932861328,48.56811705078704,47.346845819314495,1367.0,28.224010467529297,-88.9599609375,4.412,28.68009185791016,55.3678144879392,50.91434263766155,1250.0,-3.567496818347053,50.91434263766155,0.0,3.5674968183470526,39.16271843068434,-11.751624206977205,8.184127388630152,45.3993908740946,-5.514951763566948,1.9474549452198957,45.323790609358,-5.590552028303549,2.023055209956496
aoml/4903555/profiles/D4903555_097.nc,4903555,2024-10-07T05:25:44Z,20241007,24.9082,-92.43034,29.333999633789062,49.87428464944895,60.53525109559965,2007.9599609375,24.933591842651367,-92.4000244140625,4.161,28.952545166015625,73.55081409381368,72.6307893358277,3000.0,-12.095538240228052,72.6307893358277,0.0,12.095538240228052,75.61362947339316,2.9828401375654607,15.078378377793513,94.24336226805103,21.61257293222333,33.70811117245138,85.42877774700464,12.797988411176945,24.893526651404997
aoml/4903240/profiles/D4903240_393.nc,4903240,2024-10-08T05:35:04Z,20241008,22.24344,-95.98383,28.77300071716309,37.06281202510833,40.02987815249001,2005.4000244140625,22.22103881835937,-96.0,2.996,27.71735191345215,47.35710412271068,30.87972130097097,2500.0,9.150156851519036,30.87972130097097,0.0,9.150156851519036,29.923100743721832,-0.9566205572491384,10.106777408768174,29.529850532564385,-1.3498707684065856,10.500027619925621,30.632317459918347,-0.24740384105262336,9.397560692571659
aoml/4903469/profiles/D4903469_146.nc,4903469,2024-10-08T15:50:28Z,20241008,23.53962,-81.37241,29.645999908447266,119.07865072221507,135.11095366940413,1413.5999755859375,23.54765892028809,-81.3599853515625,1.55,29.434234619140625,85.48067970204842,87.70432300142726,1250.0,47.40663066797687,87.70432300142726,0.0,47.40663066797687,106.54231016923815,18.837987167810894,28.568643500165976,98.18851574821491,10.484192746787656,36.922437921189214,97.2729892516534,9.568666250226144,37.837964417750726
aoml/4903472/profiles/R4903472_145.nc,4903472,2024-10-08T09:11:25Z,20241008,25.41827,-89.29664,29.45599937438965,44.43757572016207,50.30593617986166,1999.0,25.44034767150879,-89.280029296875,2.968,29.21077919006348,64.58641611558524,69.50195721367129,3000.0,-19.19602103380963,69.50195721367129,0.0,19.19602103380963,67.03238172420686,-2.4695754894644324,16.726445544345196,76.95542044532932,7.453463231658034,26.649484265467663,70.77891776746158,1.276960553790289,20.472981587599918
aoml/4903545/profiles/D4903545_098.nc,4903545,2024-10-08T16:36:45Z,20241008,27.84118,-87.1085,28.32099914550781,42.295854048044966,34.921178683762754,2009.43994140625,27.87098693847656,-87.1199951171875,3.502,28.77882194519043,59.03374906515078,59.968096715402574,2500.0,-25.04691803163982,59.968096715402574,0.0,25.04691803163982,56.69660536424654,-3.271491351156037,21.775426680483783,60.87758305186759,0.9094863364650152,25.956404368104835,60.41630122904033,0.44820451363775504,25.495122545277574
aoml/4903552/profiles/D4903552_098.nc,4903552,2024-10-08T20:33:35Z,20241008,24.33242,-86.19183,29.04700088500977,85.09169142448509,101.1967910969946,2013.3599853515625,24.351882934570312,-86.1600341796875,3.881,29.38627815246582,83.22921232385215,89.83927980111802,3000.0,11.357511295876575,89.83927980111802,0.0,11.357511295876577,98.19111150465069,8.351831703532667,3.0056795923439097,101.9062350202241,12.066955219106077,0.7094439232295002,96.06015691766164,6.220877116543619,5.136634179332958
aoml/4903557/profiles/D4903557_098.nc,4903557,2024-10-08T17:58:28Z,20241008,25.92664,-94.041,28.722999572753903,67.02087776592955,59.16109136893222,2005.3199462890625,25.944978713989254,-94.0799560546875,4.397,29.35566711425781,95.2090098220113,102.14393154868527,3000.0,-42.982840179753055,102.14393154868527,0.0,42.982840179753055,96.04389419328496,-6.1000373554003176,36.88280282435274,103.2963887293378,1.152457180652533,44.13529736040559,109.99068808872947,7.846756540044197,50.82959671979725
aoml/4903254/profiles/D4903254_380.nc,4903254,2024-10-09T23:01:46Z,20241009,28.89131,-87.74654,27.847000122070312,43.49713812052254,32.37426596074713,1931.9200439453125,28.85651206970215,-87.760009765625,4.086,27.953481674194336,42.75793433291515,31.363429826436228,1500.0,1.0108361343109031,31.363429826436228,0.0,1.0108361343109031,16.71539124428043,-14.648038582155799,15.658874716466702,27.827538996856898,-3.53589082957933,4.546726963890233,27.292080335407327,-4.071349491028901,5.082185625339804
aoml/4903356/profiles/D4903356_257.nc,4903356,2024-10-09T17:53:49Z,20241009,27.92303,-89.28081,28.468000411987305,62.48084736246875,60.46445142591103,1329.760009765625,27.94168472290039,-89.280029296875,2.076,28.52322578430176,65.17576356619826,57.16877227285771,1250.0,3.295679153053321,57.16877227285771,0.0,3.295679153053321,51.19122671964287,-5.9775455532148385,9.27322470626816,55.66549895036213,-1.5032733224955805,4.7989524755489015,55.50642576764856,-1.6623465052091504,4.958025658262471
aoml/4903546/profiles/D4903546_098.nc,4903546,2024-10-09T20:38:24Z,20241009,21.66424,-96.40131,29.100000381469727,39.59237673495274,44.8443438468944,1893.56005859375,21.627328872680664,-96.4000244140625,4.106,28.34927749633789,48.854011144791805,42.6853500296544,1500.0,2.1589938172399954,42.6853500296544,0.0,2.1589938172399954,33.120509193127184,-9.564840836527218,11.723834653767213,40.31577696663007,-2.3695730630243332,4.528566880264329,42.82725444860841,0.14190441895400596,2.0170893982859894
aoml/4903548/profiles/D4903548_098.nc,4903548,2024-10-09T17:49:40Z,20241009,27.27476,-89.39326,28.26799964904785,51.770925147147175,45.71083028955318,2005.239990234375,27.303754806518555,-89.3599853515625,4.605,28.764219284057617,62.46229350397571,61.33889723280402,2000.0,-15.628066943250843,61.33889723280402,0.0,15.628066943250843,53.93635717361497,-7.40254005918905,8.225526884061793,57.83647102379492,-3.5024262090091014,12.125640734241742,60.158683806743,-1.180213426061023,14.44785351718982
aoml/4903550/profiles/D4903550_098.nc,4903550,2024-10-09T06:43:46Z,20241009,25.15189,-86.0769,29.410999298095703,131.41912208655515,144.51100127183236,2011.5999755859373,25.151031494140625,-86.0799560546875,0.322,29.585262298583984,97.86833855799372,117.8676063714784,3000.0,26.643394900353968,117.8676063714784,0.0,26.643394900353954,130.85311904672665,12.985512675248245,13.657882225105709,139.4658916168544,21.598285245376005,5.045109654977949,138.21443044702545,20.346824075547048,6.296570824806906
aoml/4903551/profiles/D4903551_098.nc,4903551,2024-10-09T15:35:10Z,20241009,25.34834,-91.11342,29.20599937438965,119.4050503594109,123.16190502732822,2004.199951171875,25.36808204650879,-91.1199951171875,2.292,28.904083251953125,86.08858245647752,84.88811077077773,3000.0,38.27379425655049,84.88811077077773,0.0,38.27379425655049,87.49817217501726,2.6100614042395307,35.66373285231096,87.82659052214103,2.938479751363303,35.335314505187185,83.64798025529124,-1.2401305154864843,39.51392477203697
aoml/4903556/profiles/D4903556_098.nc,4903556,2024-10-09T02:48:36Z,20241009,27.65253,-86.11467,29.280000686645508,63.40112752158412,72.5181317939146,2013.43994140625,27.658618927001957,-86.0799560546875,3.485,28.82998275756836,81.19244215545223,80.47973916694144,3000.0,-7.961607373026837,80.47973916694144,0.0,7.961607373026837,81.17786549512509,0.6981263281836476,8.659733701210484,71.97522438858728,-8.504514778354164,0.5429074053273268,74.61905279792848,-5.860686369012967,2.1009210040138697
aoml/4903248/profiles/D4903248_377.nc,4903248,2024-10-10T07:10:27Z,20241010,25.68682,-94.26937,28.101999282836918,69.69730750975232,46.417395402856165,2013.9200439453125,25.656879425048828,-94.239990234375,4.444,28.352048873901367,81.01586739810062,57.11270589681071,3000.0,-10.695310493954544,57.11270589681071,0.0,10.695310493954544,59.0599977069797,1.9472918101689913,12.642602304123535,58.15643445261527,1.043728555804563,11.739039049759107,62.43674243178464,5.324036534973928,16.019347028928472
aoml/4903249/profiles/D4903249_377.nc,4903249,2024-10-10T19:21:48Z,20241010,25.88147,-88.74621,28.881999969482425,52.752941810054665,56.03814888522497,2005.239990234375,25.87302017211914,-88.719970703125,2.788,29.413349151611328,70.80909370774906,85.10113720808435,3000.0,-29.062988322859383,85.10113720808435,0.0,29.062988322859383,82.30120746889074,-2.7999297391936153,26.263058583665767,78.35706745750632,-6.744069750578035,22.318918572281348,81.1235010255461,-3.977636182538248,25.085352140321135
aoml/4903471/profiles/D4903471_146.nc,4903471,2024-10-10T03:16:51Z,20241010,27.79764,-89.27073,28.43199920654297,60.74413952054498,55.29561356138178,1427.56005859375,27.80024528503418,-89.280029296875,0.959,28.23039054870605,64.1284039358566,50.97231542147048,1250.0,4.323298139911294,50.97231542147048,0.0,4.323298139911294,50.09770810556779,-0.8746073159026935,5.197905455813988,49.624559025541075,-1.3477563959294088,5.671054535840703,49.127481296470364,-1.8448341250001192,6.168132264911414
aoml/4903543/profiles/D4903543_098.nc,4903543,2024-10-10T23:17:05Z,20241010,21.11117,-95.35097,28.77300071716309,33.51206903894302,35.679857170783684,2009.43994140625,21.10581970214844,-95.3599853515625,1.108,28.634239196777344,45.77912855043564,42.29611008734012,2500.0,-6.616252916556434,42.29611008734012,0.0,6.616252916556434,41.549172959603396,-0.7469371277367216,5.869315788819712,30.714891512886183,-11.581218574453935,4.964965657897501,33.369699393308075,-8.926410694032043,2.3101577774756095
aoml/4903544/profiles/D4903544_098.nc,4903544,2024-10-10T19:54:28Z,20241010,25.18772,-86.80279,29.23699951171875,158.3466710533986,167.85862231606603,2005.3199462890625,25.223424911499023,-86.800048828125,3.98,29.196155548095703,124.7804013216214,118.5174713285528,3000.0,49.341150987513245,118.5174713285528,0.0,49.34115098751323,125.03131385800839,6.513842529455587,42.827308458057644,131.58202067597716,13.06454934742436,36.27660164008887,125.97917087842822,7.461699549875419,41.87945143763781
aoml/4903547/profiles/D4903547_098.nc,4903547,2024-10-10T07:46:51Z,20241010,20.40985,-95.59048,28.650999069213867,35.2800004961762,36.37395052047816,2015.280029296875,20.43261337280273,-95.5999755859375,2.718,28.890111923217773,47.54079395526023,49.19434682553454,2000.0,-12.820396305056375,49.19434682553454,0.0,12.820396305056377,43.146798752030115,-6.047548073504423,6.772848231551954,44.22577610708803,-4.968570718446507,7.85182558660987,49.69845528888694,0.5041084633524022,13.32450476840878
aoml/4903549/profiles/D4903549_098.nc,4903549,2024-10-10T04:30:58Z,20241010,26.162,-87.49813,29.67099952697754,154.35817608952271,156.92026937561093,1793.47998046875,26.16059112548828,-87.52001953125,2.19,29.43576431274414,129.81032191799605,148.5235981460242,3000.0,8.39667122958673,148.5235981460242,0.0,8.39667122958673,158.27343395110293,9.749835805078732,1.353164575492002,167.088128748412,18.564530602387805,10.167859372801075,161.69497262165694,13.171374475632746,4.774703246046016
aoml/4903279/profiles/D4903279_316.nc,4903279,2024-10-11T09:28:15Z,20241011,27.08816,-87.23808,28.85099983215332,73.76368272224047,74.49527621477841,2010.5999755859373,27.09029006958008,-87.199951171875,3.782,29.15789222717285,88.45244311631106,93.7863676888712,2500.0,-19.29109147409278,93.7863676888712,0.0,19.29109147409278,89.42046585422793,-4.365901834643267,14.925189639449513,82.60907856456295,-11.177289124308246,8.113802349784535,83.46683889747672,-10.319528791394475,8.971562682698305
aoml/4903466/profiles/D4903466_146.nc,4903466,2024-10-11T16:26:08Z,20241011,23.51785,-83.6258,29.768999099731445,134.60834797881165,154.58344495714522,2010.1199951171875,23.54765892028809,-83.5999755859375,4.233,29.81361961364746,121.13820244920792,138.12801751677705,2000.0,16.45542744036817,138.12801751677705,0.0,16.45542744036817,151.2771595941376,13.149142077360551,3.3062853630076177,161.4229032671028,23.29488575032576,6.8394583099575925,157.53379776222687,19.40578024544982,2.95035280508165
aoml/4903468/profiles/D4903468_149.nc,4903468,2024-10-11T13:00:18Z,20241011,25.52029,-92.34382,28.834999084472656,91.38889477588216,74.20397978392175,2011.9599609375,25.5125675201416,-92.320068359375,2.533,28.566387176513672,61.84154613895109,55.549569348047314,3000.0,18.65441043587444,55.549569348047314,0.0,18.65441043587444,40.945955335896635,-14.603614012150679,33.25802444802512,59.05061679244939,3.501047444402076,15.153362991472363,53.84662033005259,-1.702949017994726,20.357359453869165
aoml/4903554/profiles/D4903554_105.nc,4903554,2024-10-11T07:33:01Z,20241011,24.64038,-84.20447,27.459999084472656,65.56372667856347,38.29006986148558,1957.43994140625,24.643075942993164,-84.239990234375,3.602,27.970718383789062,37.37706693275012,24.75971234734359,2000.0,13.530357514141986,24.75971234734359,0.0,13.530357514141986,26.486813408104897,1.7271010607613064,11.80325645338068,30.909162811384405,6.1494504640408145,7.380907050101172,28.7296817678288,3.96996942048521,9.560388093656776
aoml/4903559/profiles/D4903559_063.nc,4903559,2024-10-11T02:11:48Z,20241011,19.18798,-82.60646,30.367000579833984,145.2457209995815,205.5504882518431,2008.6800537109373,19.152990341186523,-82.6400146484375,5.25,30.28327369689941,133.2868675364911,169.43442002219447,3000.0,36.11606822964862,169.43442002219447,0.0,36.11606822964862,192.19015287209507,22.755732849900596,13.360335379748022,179.23567364246884,9.801253620274366,26.314814609374253,193.4769133517091,24.042493329514627,12.073574900133991
aoml/4903562/profiles/D4903562_063.nc,4903562,2024-10-11T17:56:46Z,20241011,21.16037,-85.83549,30.05299949645996,109.92200435887528,145.26427962791007,1909.4000244140625,21.180435180664062,-85.8399658203125,2.279,29.78732109069824,104.24420942473154,119.89646699687404,1500.0,25.36781263103603,119.89646699687404,0.0,25.36781263103603,131.82611902596034,11.929652029086299,13.438160601949733,132.88187653921153,12.985409542337493,12.382403088698538,132.72548639197467,12.82901939510063,12.538793235935401
aoml/4903563/profiles/D4903563_065.nc,4903563,2024-10-11T21:47:12Z,20241011,20.16881,-80.16738,30.67799949645996,125.21539193779428,151.81308400452914,2017.3599853515625,20.132455825805664,-80.1600341796875,4.114,29.8720817565918,138.15745151151555,154.363296893838,2500.0,-2.5502128893088525,154.363296893838,0.0,2.5502128893088525,193.6021325959298,39.23883570209179,41.78904859140064,188.85577690516627,34.49248001132827,37.04269290063712,179.84804218955446,25.484745295716465,28.034958185025317
aoml/7901009/profiles/R7901009_049.nc,7901009,2024-10-11T17:12:51Z,20241011,23.0983,-86.0475,29.757999420166016,108.74806374442142,134.0579914881594,1249.989990234375,23.106897354125977,-86.0799560546875,3.454,29.62586975097656,112.9886983080452,139.71816758460622,1250.0,-5.660176096446833,139.71816758460622,0.0,5.660176096446833,148.933457616899,9.215290032292785,14.875466128739617,155.12237716057112,15.404209575964899,21.06438567241173,155.92535054243504,16.20718295782882,21.867359054275653
aoml/7901009/profiles/R7901009_049.nc,7901009,2024-10-11T17:12:51Z,20241011,23.0983,-86.0475,29.757999420166016,108.74806374442142,134.0579914881594,1249.989990234375,23.106897354125977,-86.0799560546875,3.454,29.62586975097656,112.9886983080452,139.71816758460622,1250.0,-5.660176096446833,139.71816758460622,0.0,5.660176096446833,148.933457616899,9.215290032292785,14.875466128739617,155.12237716057112,15.404209575964899,21.06438567241173,155.92535054243504,16.20718295782882,21.867359054275653
