cast_id,platform,year,month,obs_date,lat,lon,model_grid_lat,model_grid_lon,model_grid_distance_km,obs_ohc_j_m2,obs_tchp_kj_cm2,obs_d26_m,model_ohc_j_m2,model_tchp_kj_cm2,model_d26_m,delta_ohc_j_m2,delta_tchp_kj_cm2
aoml/4902349/profiles/D4902349_276.nc,4902349,2024,1,20240131,19.996,-94.798,19.982160568237305,-94.800048828125,1.554,,,,,,,,
aoml/4902352/profiles/D4902352_280.nc,4902352,2024,1,20240131,24.249,-96.494,24.278980255126953,-96.47998046875,3.624,,,,,,,,
aoml/4903238/profiles/D4903238_346.nc,4903238,2024,1,20240131,23.996,-81.394,23.986948013305664,-81.3599853515625,3.599,,,,53378.56720597348,0.005337856720597348,0.5327058238135716,,
aoml/4903248/profiles/D4903248_328.nc,4903248,2024,1,20240131,26.112,-91.82,26.088764190673828,-91.8399658203125,3.263,,,,,,,,
aoml/4903255/profiles/D4903255_326.nc,4903255,2024,1,20240131,27.704,-88.557,27.729455947875977,-88.56005859375,2.847,,,,,,,,
aoml/4903279/profiles/D4903279_264.nc,4903279,2024,1,20240131,25.499,-84.601,25.5125675201416,-84.6400146484375,4.196,,,,,,,,
aoml/4903464/profiles/D4903464_095.nc,4903464,2024,1,20240131,28.494,-88.647,28.505590438842773,-88.6400146484375,1.458,,,,,,,,
aoml/4903545/profiles/D4903545_048.nc,4903545,2024,1,20240131,27.377,-86.141,27.374820709228516,-86.1600341796875,1.895,,,,,,,,
aoml/4903550/profiles/D4903550_048.nc,4903550,2024,1,20240131,25.521,-90.742,25.5125675201416,-90.719970703125,2.401,,,,,,,,
aoml/4903551/profiles/D4903551_048.nc,4903551,2024,1,20240131,25.471,-87.562,25.44034767150879,-87.5999755859375,5.114,56440821.459774904,5.644082145977491,130.52141970221464,70339618.06280258,7.033961806280258,100.37499358875725,-13898796.603027679,-1.3898796603027677
aoml/4903552/profiles/D4903552_048.nc,4903552,2024,1,20240131,23.896,-83.705,23.913837432861328,-83.679931640625,3.229,,,,53707473.07189116,5.370747307189116,60.67905756687777,,
aoml/4903556/profiles/D4903556_048.nc,4903556,2024,1,20240131,25.308,-86.887,25.295774459838867,-86.8800048828125,1.531,102544950.96456292,10.254495096456292,136.54429084566817,10965755.107850995,1.0965755107850994,94.36802485362648,91579195.85671192,9.157919585671193
aoml/4903557/profiles/D4903557_048.nc,4903557,2024,1,20240131,25.185,-86.841,25.151031494140625,-86.8800048828125,5.448,,,,,,,,
aoml/4903559/profiles/D4903559_029.nc,4903559,2024,1,20240131,19.648,-83.466,19.68113899230957,-83.43994140625,4.585,940593373.0024219,94.05933730024218,155.82130681862253,483076704.5858548,48.307670458585484,93.08891293955169,457516668.416567,45.75166684165669
aoml/4903563/profiles/D4903563_031.nc,4903563,2024,1,20240131,20.989,-81.974,20.956478118896484,-82.0,4.513,505644785.5876961,50.56447855876961,131.8314837114019,299208236.90660214,29.920823690660214,98.47465426561388,206436548.68109393,20.643654868109394
aoml/4903240/profiles/D4903240_343.nc,4903240,2024,2,20240201,24.472,-95.527,24.4975643157959,-95.52001953125,2.929,,,,,,,,
aoml/4903356/profiles/D4903356_206.nc,4903356,2024,2,20240201,28.326,-88.874,28.294475555419922,-88.8800048828125,3.554,,,,,,,,
aoml/4903466/profiles/D4903466_096.nc,4903466,2024,2,20240201,23.829,-85.752,23.840682983398438,-85.760009765625,1.533,30127031.779904064,3.012703177990406,140.48666083170036,,,,,
aoml/4903468/profiles/D4903468_099.nc,4903468,2024,2,20240201,26.16,-85.432,26.16059112548828,-85.43994140625,0.795,,,,,,,,
aoml/4903471/profiles/D4903471_096.nc,4903471,2024,2,20240201,28.595,-87.564,28.575868606567383,-87.5999755859375,4.107,,,,,,,,
aoml/4903546/profiles/D4903546_048.nc,4903546,2024,2,20240201,25.377,-89.089,25.36808204650879,-89.1199951171875,3.268,,,,,,,,
aoml/4903548/profiles/D4903548_048.nc,4903548,2024,2,20240201,24.302,-85.396,24.278980255126953,-85.3599853515625,4.458,144108277.20542097,14.410827720542096,110.55575793812837,,,,,
aoml/4903549/profiles/D4903549_048.nc,4903549,2024,2,20240201,25.813,-88.568,25.801015853881836,-88.56005859375,1.552,3354080.8373350166,0.3354080837335016,11.198292427780785,,,,,
aoml/4903553/profiles/D4903553_048.nc,4903553,2024,2,20240201,23.106,-83.489,23.106897354125977,-83.52001953125,3.174,55627798.77171608,5.562779877171608,127.75811176771417,81067936.26102087,8.106793626102087,104.78944647551342,-25440137.48930479,-2.544013748930479
aoml/4903554/profiles/D4903554_055.nc,4903554,2024,2,20240201,25.675,-85.221,25.656879425048828,-85.199951171875,2.917,,,,,,,,
aoml/4903622/profiles/R4903622_087.nc,4903622,2024,2,20240201,21.92,-95.766,21.92449378967285,-95.760009765625,0.795,,,,,,,,
aoml/4902349/profiles/D4902349_277.nc,4902349,2024,2,20240210,19.899,-94.913,19.906957626342773,-94.8800048828125,3.561,,,,,,,,
aoml/4902352/profiles/D4902352_281.nc,4902352,2024,2,20240210,24.06,-96.214,24.06001853942871,-96.239990234375,2.639,,,,,,,,
aoml/4903248/profiles/D4903248_330.nc,4903248,2024,2,20240210,26.147,-91.747,26.16059112548828,-91.760009765625,1.992,,,,,,,,
aoml/4903255/profiles/D4903255_328.nc,4903255,2024,2,20240210,27.579,-88.922,27.587738037109375,-88.9599609375,3.865,,,,,,,,
aoml/4903279/profiles/D4903279_267.nc,4903279,2024,2,20240210,26.001,-84.863,26.01689338684082,-84.8800048828125,2.452,,,,,,,,
aoml/4903464/profiles/D4903464_097.nc,4903464,2024,2,20240210,28.496,-88.632,28.505590438842773,-88.6400146484375,1.323,,,,,,,,
aoml/4903545/profiles/D4903545_050.nc,4903545,2024,2,20240210,26.786,-86.803,26.805036544799805,-86.800048828125,2.137,42457040.58812261,4.245704058812261,91.39361631816207,27200133.58863601,2.720013358863601,91.17774439610605,15256906.999486595,1.52569069994866
aoml/4903550/profiles/D4903550_050.nc,4903550,2024,2,20240210,25.14,-90.511,25.151031494140625,-90.47998046875,3.355,,,,,,,,
aoml/4903551/profiles/D4903551_050.nc,4903551,2024,2,20240210,25.556,-88.114,25.584745407104492,-88.0799560546875,4.677,287491138.0885578,28.74911380885578,89.68356156936026,29056479.578658618,2.905647957865862,56.10368734278177,258434658.50989917,25.843465850989915
aoml/4903552/profiles/D4903552_050.nc,4903552,2024,2,20240210,24.208,-84.012,24.20603370666504,-84.0,1.236,,,,,,,,
aoml/4903556/profiles/D4903556_050.nc,4903556,2024,2,20240210,25.166,-86.858,25.151031494140625,-86.8800048828125,2.77,,,,63005806.18802544,6.3005806188025435,105.22921155946513,,
aoml/4903557/profiles/D4903557_050.nc,4903557,2024,2,20240210,25.027,-86.718,25.006114959716797,-86.719970703125,2.331,,,,52128803.718869016,5.212880371886901,92.99189169084282,,
aoml/4903559/profiles/D4903559_030.nc,4903559,2024,2,20240210,19.928,-83.638,19.906957626342773,-83.5999755859375,4.613,397412582.5209411,39.741258252094106,134.99508569652875,250224391.4172933,25.02243914172933,114.40156405451054,147188191.10364777,14.718819110364777
aoml/4903562/profiles/D4903562_030.nc,4903562,2024,2,20240210,19.334,-85.336,19.304065704345703,-85.3599853515625,4.173,433358529.4781337,43.335852947813365,150.62843645151804,428484004.5625724,42.84840045625724,121.97543475539771,4874524.915561259,0.4874524915561267
aoml/4903563/profiles/D4903563_032.nc,4903563,2024,2,20240210,20.521,-81.863,20.5075626373291,-81.8399658203125,2.826,283381310.73138684,28.338131073138683,126.36658572265212,421786317.64618546,42.178631764618544,109.84256778621888,-138405006.91479862,-13.84050069147986
aoml/4903240/profiles/D4903240_346.nc,4903240,2024,2,20240216,25.001,-95.234,25.006114959716797,-95.199951171875,3.478,,,,,,,,
aoml/4903248/profiles/D4903248_331.nc,4903248,2024,2,20240216,26.199,-91.514,26.23237419128418,-91.52001953125,3.759,,,,,,,,
aoml/4903356/profiles/D4903356_209.nc,4903356,2024,2,20240216,28.312,-88.919,28.294475555419922,-88.8800048828125,4.286,,,,,,,,
aoml/4903466/profiles/D4903466_099.nc,4903466,2024,2,20240216,23.552,-84.829,23.547658920288086,-84.800048828125,2.99,29914811.6034641,2.9914811603464098,74.47194223085242,,,,,
aoml/4903468/profiles/D4903468_102.nc,4903468,2024,2,20240216,26.626,-85.935,26.59062385559082,-85.9200439453125,4.205,,,,,,,,
aoml/4903471/profiles/D4903471_099.nc,4903471,2024,2,20240216,28.748,-87.46,28.716283798217773,-87.43994140625,4.033,,,,,,,,
aoml/4903546/profiles/D4903546_051.nc,4903546,2024,2,20240216,25.451,-90.423,25.44034767150879,-90.4000244140625,2.593,,,,,,,,
aoml/4903548/profiles/D4903548_051.nc,4903548,2024,2,20240216,25.258,-85.907,25.223424911499023,-85.9200439453125,4.062,79739.24126579268,0.007973924126579266,5.752704878917015,,,,,
aoml/4903549/profiles/D4903549_051.nc,4903549,2024,2,20240216,25.721,-88.663,25.72896957397461,-88.6400146484375,2.467,115145490.9467807,11.514549094678069,49.08638009055372,30821527.83821339,3.082152783821339,62.91150442477876,84323963.1085673,8.43239631085673
aoml/4903553/profiles/D4903553_051.nc,4903553,2024,2,20240216,23.091,-83.27,23.106897354125977,-83.280029296875,2.044,144307006.16084564,14.430700616084563,117.05382981107425,,,,,
aoml/4903554/profiles/D4903554_058.nc,4903554,2024,2,20240216,25.344,-84.577,25.36808204650879,-84.56005859375,3.173,,,,,,,,
aoml/4902349/profiles/D4902349_278.nc,4902349,2024,2,20240220,20.059,-94.928,20.05732536315918,-94.9599609375,3.344,,,,,,,,
aoml/4902352/profiles/D4902352_282.nc,4902352,2024,2,20240220,23.997,-96.038,23.986948013305664,-96.0,4.019,,,,,,,,
aoml/4903255/profiles/D4903255_330.nc,4903255,2024,2,20240220,27.115,-88.756,27.090290069580078,-88.719970703125,4.502,,,,,,,,
aoml/4903279/profiles/D4903279_269.nc,4903279,2024,2,20240220,26.083,-84.85,26.088764190673828,-84.8800048828125,3.064,,,,,,,,
aoml/4903464/profiles/D4903464_099.nc,4903464,2024,2,20240220,28.481,-88.658,28.505590438842773,-88.6400146484375,3.251,,,,,,,,
aoml/4903545/profiles/D4903545_052.nc,4903545,2024,2,20240220,26.521,-87.583,26.519062042236328,-87.5999755859375,1.703,,,,141954380.61338305,14.195438061338304,93.93007266903068,,
aoml/4903550/profiles/D4903550_052.nc,4903550,2024,2,20240220,24.69,-89.788,24.715768814086914,-89.760009765625,4.026,,,,,,,,
aoml/4903551/profiles/D4903551_052.nc,4903551,2024,2,20240220,25.493,-88.077,25.5125675201416,-88.0799560546875,2.196,412458186.3103341,41.24581863103341,114.59782800440917,282154278.3272149,28.21542783272149,125.66222525545024,130303907.98311919,13.03039079831192
aoml/4903552/profiles/D4903552_052.nc,4903552,2024,2,20240220,24.268,-83.989,24.278980255126953,-84.0,1.653,,,,,,,,
aoml/4903556/profiles/D4903556_052.nc,4903556,2024,2,20240220,25.236,-86.084,25.223424911499023,-86.0799560546875,1.456,,,,,,,,
aoml/4903557/profiles/D4903557_052.nc,4903557,2024,2,20240220,25.272,-86.03,25.295774459838867,-86.0,4.011,,,,,,,,
aoml/4903559/profiles/D4903559_031.nc,4903559,2024,2,20240220,20.327,-83.689,20.357627868652344,-83.679931640625,3.534,525526997.14536875,52.55269971453687,151.842012128452,330182664.09295475,33.01826640929547,106.78239657754361,195344333.052414,19.5344333052414
aoml/4903562/profiles/D4903562_031.nc,4903562,2024,2,20240220,19.296,-85.496,19.304065704345703,-85.52001953125,2.676,278344005.19940585,27.834400519940584,111.38695033385626,254866295.99627358,25.486629599627356,95.00133131381031,23477709.20313227,2.347770920313227
aoml/4903240/profiles/D4903240_347.nc,4903240,2024,2,20240221,25.151,-95.143,25.151031494140625,-95.1199951171875,2.316,,,,,,,,
aoml/4903248/profiles/D4903248_332.nc,4903248,2024,2,20240221,26.088,-91.468,26.088764190673828,-91.43994140625,2.803,,,,,,,,
aoml/4903356/profiles/D4903356_210.nc,4903356,2024,2,20240221,28.288,-88.947,28.294475555419922,-88.9599609375,1.459,,,,,,,,
aoml/4903466/profiles/D4903466_100.nc,4903466,2024,2,20240221,23.501,-84.782,23.474300384521484,-84.800048828125,3.493,,,,,,,,
aoml/4903468/profiles/D4903468_103.nc,4903468,2024,2,20240221,26.421,-86.301,26.44745635986328,-86.320068359375,3.501,,,,,,,,
aoml/4903471/profiles/D4903471_100.nc,4903471,2024,2,20240221,28.872,-87.424,28.85651206970215,-87.43994140625,2.319,,,,,,,,
aoml/4903546/profiles/D4903546_052.nc,4903546,2024,2,20240221,24.831,-90.619,24.861026763916016,-90.6400146484375,3.955,,,,,,,,
aoml/4903548/profiles/D4903548_052.nc,4903548,2024,2,20240221,25.693,-85.709,25.72896957397461,-85.679931640625,4.948,,,,,,,,
aoml/4903549/profiles/D4903549_052.nc,4903549,2024,2,20240221,25.816,-89.052,25.801015853881836,-89.0400390625,2.052,161571180.30225867,16.157118030225867,60.98503314951881,,,,,
aoml/4903553/profiles/D4903553_052.nc,4903553,2024,2,20240221,23.117,-83.33,23.106897354125977,-83.3599853515625,3.266,,,,,,,,
aoml/4903554/profiles/D4903554_059.nc,4903554,2024,2,20240221,25.646,-84.757,25.656879425048828,-84.719970703125,3.904,,,,,,,,
aoml/4903563/profiles/D4903563_033.nc,4903563,2024,2,20240221,20.33,-81.873,20.357627868652344,-81.8399658203125,4.615,353226850.2958835,35.32268502958835,138.03251660135962,108687948.60128973,10.868794860128974,74.19048343925613,244538901.69459373,24.453890169459378
aoml/4903622/profiles/R4903622_089.nc,4903622,2024,2,20240221,21.134,-95.681,21.105819702148438,-95.679931640625,3.135,,,,,,,,
aoml/4903240/profiles/D4903240_349.nc,4903240,2024,3,20240302,25.205,-95.143,25.223424911499023,-95.1199951171875,3.091,,,,,,,,
aoml/4903248/profiles/D4903248_334.nc,4903248,2024,3,20240302,26.169,-91.527,26.16059112548828,-91.52001953125,1.166,,,,,,,,
aoml/4903356/profiles/D4903356_212.nc,4903356,2024,3,20240302,28.247,-88.962,28.224010467529297,-88.9599609375,2.564,,,,,,,,
aoml/4903466/profiles/D4903466_102.nc,4903466,2024,3,20240302,23.259,-84.525,23.25398063659668,-84.56005859375,3.625,11032474.001765978,1.1032474001765977,37.79641246530767,15724908.474478746,1.5724908474478745,30.818345323741006,-4692434.472712768,-0.46924344727127676
aoml/4903468/profiles/D4903468_105.nc,4903468,2024,3,20240302,26.517,-86.287,26.519062042236328,-86.320068359375,3.298,125062790.67733021,12.50627906773302,101.38832982971394,68226521.28612211,6.822652128612211,56.09171868166819,56836269.3912081,5.683626939120809
aoml/4903471/profiles/D4903471_102.nc,4903471,2024,3,20240302,28.997,-87.448,28.996549606323242,-87.43994140625,0.785,,,,,,,,
aoml/4903546/profiles/D4903546_054.nc,4903546,2024,3,20240302,25.668,-90.368,25.656879425048828,-90.4000244140625,3.44,,,,,,,,
aoml/4903548/profiles/D4903548_054.nc,4903548,2024,3,20240302,26.277,-86.132,26.304113388061523,-86.1600341796875,4.111,,,,,,,,
aoml/4903549/profiles/D4903549_054.nc,4903549,2024,3,20240302,25.827,-89.054,25.801015853881836,-89.0400390625,3.21,153023668.74222004,15.302366874222004,58.725589485102276,,,,,
aoml/4903550/profiles/D4903550_054.nc,4903550,2024,3,20240302,25.203,-89.346,25.223424911499023,-89.3599853515625,2.672,,,,,,,,
aoml/4903551/profiles/D4903551_054.nc,4903551,2024,3,20240302,25.198,-88.266,25.223424911499023,-88.239990234375,3.852,121898933.82588568,12.189893382588568,94.55227872265921,54276883.95173845,5.427688395173845,37.1889820319284,67622049.87414724,6.762204987414724
aoml/4903553/profiles/D4903553_054.nc,4903553,2024,3,20240302,23.116,-83.065,23.106897354125977,-83.0400390625,2.746,,,,,,,,
aoml/4903554/profiles/D4903554_061.nc,4903554,2024,3,20240302,25.456,-84.907,25.44034767150879,-84.8800048828125,3.221,17268983.440835312,1.726898344083531,16.393262156622104,,,,,
aoml/4903563/profiles/D4903563_034.nc,4903563,2024,3,20240302,20.401,-82.02,20.432613372802734,-82.0,4.087,326163805.3388594,32.61638053388594,128.68514894448663,144772358.31589156,14.477235831589155,101.43173127389967,181391447.02296782,18.139144702296782
aoml/4903622/profiles/R4903622_090.nc,4903622,2024,3,20240302,20.424,-95.612,20.432613372802734,-95.5999755859375,1.577,,,,,,,,
aoml/4903232/profiles/D4903232_353.nc,4903232,2024,3,20240307,24.984,-95.76,25.006114959716797,-95.760009765625,2.459,,,,,,,,
aoml/4903240/profiles/D4903240_350.nc,4903240,2024,3,20240307,25.208,-95.196,25.223424911499023,-95.199951171875,1.761,,,,,,,,
aoml/4903248/profiles/D4903248_335.nc,4903248,2024,3,20240307,26.126,-91.371,26.16059112548828,-91.3599853515625,4.0,,,,,,,,
aoml/4903356/profiles/D4903356_213.nc,4903356,2024,3,20240307,28.238,-88.952,28.224010467529297,-88.9599609375,1.74,,,,,,,,
aoml/4903468/profiles/D4903468_106.nc,4903468,2024,3,20240307,26.896,-85.934,26.87641716003418,-85.9200439453125,2.58,67384123.21494046,6.738412321494046,87.93734558895936,5663265.513342956,0.5663265513342955,8.071400446252788,61720857.701597504,6.17208577015975
aoml/4903471/profiles/D4903471_103.nc,4903471,2024,3,20240307,28.992,-87.511,28.996549606323242,-87.52001953125,1.013,,,,,,,,
aoml/4903546/profiles/D4903546_055.nc,4903546,2024,3,20240307,25.919,-91.021,25.944978713989258,-91.0400390625,3.46,,,,,,,,
aoml/4903548/profiles/D4903548_055.nc,4903548,2024,3,20240307,26.486,-85.939,26.519062042236328,-85.9200439453125,4.132,23720518.35416865,2.372051835416865,62.12261253636524,2419904.211808256,0.2419904211808256,6.2152174842821095,21300614.142360393,2.1300614142360392
aoml/4903549/profiles/D4903549_055.nc,4903549,2024,3,20240307,25.371,-88.962,25.36808204650879,-88.9599609375,0.384,2839770.3160382253,0.28397703160382254,39.141861233811525,370603.55781365174,0.03706035578136517,1.8120378688411305,2469166.7582245735,0.24691667582245735
aoml/4903550/profiles/D4903550_055.nc,4903550,2024,3,20240307,24.931,-89.164,24.933591842651367,-89.199951171875,3.636,,,,,,,,
aoml/4903551/profiles/D4903551_055.nc,4903551,2024,3,20240307,25.204,-87.326,25.223424911499023,-87.3599853515625,4.044,,,,,,,,
aoml/4903553/profiles/D4903553_055.nc,4903553,2024,3,20240307,23.161,-82.974,23.180458068847656,-82.9599609375,2.596,264875757.47959498,26.487575747959497,113.80314961957323,53919142.424580455,5.3919142424580455,50.187801474008964,210956615.05501452,21.09566150550145
aoml/4903554/profiles/D4903554_062.nc,4903554,2024,3,20240307,25.256,-84.963,25.223424911499023,-84.9599609375,3.635,342814486.4219591,34.28144864219591,96.96829446431074,261736561.55861,26.173656155860996,80.20628885577763,81077924.86334911,8.107792486334915
aoml/4903232/profiles/D4903232_354.nc,4903232,2024,3,20240312,24.607,-96.048,24.643075942993164,-96.0799560546875,5.15,,,,,,,,
aoml/4903240/profiles/D4903240_351.nc,4903240,2024,3,20240312,25.256,-95.081,25.223424911499023,-95.1199951171875,5.339,,,,,,,,
aoml/4903248/profiles/D4903248_336.nc,4903248,2024,3,20240312,25.926,-91.528,25.944978713989258,-91.52001953125,2.256,,,,,,,,
aoml/4903356/profiles/D4903356_214.nc,4903356,2024,3,20240312,28.235,-88.942,28.224010467529297,-88.9599609375,2.142,,,,,,,,
aoml/4903468/profiles/D4903468_107.nc,4903468,2024,3,20240312,27.157,-85.771,27.16149139404297,-85.760009765625,1.197,3362983.245321492,0.3362983245321492,19.370900133921264,,,,,
aoml/4903471/profiles/D4903471_104.nc,4903471,2024,3,20240312,28.998,-87.517,28.996549606323242,-87.52001953125,0.335,,,,,,,,
aoml/4903546/profiles/D4903546_056.nc,4903546,2024,3,20240312,25.771,-91.554,25.801015853881836,-91.52001953125,4.766,,,,,,,,
aoml/4903548/profiles/D4903548_056.nc,4903548,2024,3,20240312,26.44,-85.696,26.44745635986328,-85.679931640625,1.802,,,,,,,,
aoml/4903549/profiles/D4903549_056.nc,4903549,2024,3,20240312,25.244,-88.729,25.223424911499023,-88.719970703125,2.462,,,,,,,,
aoml/4903550/profiles/D4903550_056.nc,4903550,2024,3,20240312,24.79,-88.747,24.788419723510742,-88.719970703125,2.734,,,,,,,,
aoml/4903551/profiles/D4903551_056.nc,4903551,2024,3,20240312,25.967,-86.642,25.944978713989258,-86.6400146484375,2.457,,,,,,,,
aoml/4903552/profiles/D4903552_056.nc,4903552,2024,3,20240312,24.426,-83.958,24.424745559692383,-83.9200439453125,3.845,,,,7968137.86701173,0.796813786701173,23.691476742131698,,
aoml/4903553/profiles/D4903553_056.nc,4903553,2024,3,20240312,23.206,-82.968,23.180458068847656,-82.9599609375,2.957,187730126.3796968,18.77301263796968,74.92620199964624,330565194.49042684,33.05651944904268,94.54211280239355,-142835068.11073005,-14.283506811073003
aoml/4903559/profiles/D4903559_033.nc,4903559,2024,3,20240312,20.503,-83.561,20.5075626373291,-83.5999755859375,4.091,535812935.6965824,53.581293569658236,151.1982198174016,279374271.2347409,27.93742712347409,128.76788793274693,256438664.46184146,25.643866446184145
aoml/4903563/profiles/D4903563_035.nc,4903563,2024,3,20240312,20.704,-82.29,20.732187271118164,-82.320068359375,4.428,505711913.680458,50.571191368045795,127.28904233263057,282203284.9012377,28.220328490123773,92.9093567957065,223508628.77922028,22.350862877922022
aoml/4903232/profiles/D4903232_355.nc,4903232,2024,3,20240317,24.468,-96.167,24.4975643157959,-96.1600341796875,3.362,,,,,,,,
aoml/4903240/profiles/D4903240_352.nc,4903240,2024,3,20240317,25.279,-95.002,25.295774459838867,-95.0400390625,4.255,,,,,,,,
aoml/4903248/profiles/D4903248_337.nc,4903248,2024,3,20240317,26.006,-91.431,26.01689338684082,-91.43994140625,1.505,,,,,,,,
aoml/4903356/profiles/D4903356_215.nc,4903356,2024,3,20240317,28.232,-88.943,28.224010467529297,-88.9599609375,1.884,,,,,,,,
aoml/4903468/profiles/D4903468_108.nc,4903468,2024,3,20240317,27.369,-85.853,27.374820709228516,-85.8399658203125,1.441,5914014.311145477,0.5914014311145477,7.017785960008087,,,,,
aoml/4903471/profiles/D4903471_105.nc,4903471,2024,3,20240317,28.98,-87.554,28.996549606323242,-87.52001953125,3.783,,,,,,,,
aoml/4903546/profiles/D4903546_057.nc,4903546,2024,3,20240317,25.675,-91.981,25.656879425048828,-92.0,2.772,,,,,,,,
aoml/4903548/profiles/D4903548_057.nc,4903548,2024,3,20240317,26.417,-85.527,26.44745635986328,-85.52001953125,3.457,,,,,,,,
aoml/4903549/profiles/D4903549_057.nc,4903549,2024,3,20240317,25.633,-88.915,25.656879425048828,-88.8800048828125,4.4,,,,1801951.7386085214,0.18019517386085213,3.1098125957921137,,
aoml/4903550/profiles/D4903550_057.nc,4903550,2024,3,20240317,25.161,-88.314,25.151031494140625,-88.320068359375,1.266,,,,,,,,
aoml/4903551/profiles/D4903551_057.nc,4903551,2024,3,20240317,26.048,-85.746,26.01689338684082,-85.760009765625,3.731,,,,,,,,
aoml/4903552/profiles/D4903552_057.nc,4903552,2024,3,20240317,24.389,-83.944,24.424745559692383,-83.9200439453125,4.656,57981736.345265284,5.7981736345265285,16.94455547729213,5134144.481347557,0.5134144481347557,7.162274689657822,52847591.86391772,5.2847591863917724
aoml/4903553/profiles/D4903553_057.nc,4903553,2024,3,20240317,23.25,-82.897,23.25398063659668,-82.8800048828125,1.792,345096312.76193845,34.50963127619384,110.47599398965772,3336636.9576609745,0.33366369576609745,13.182198554583492,341759675.8042775,34.175967580427745
aoml/4903556/profiles/D4903556_057.nc,4903556,2024,3,20240317,27.427,-86.091,27.445838928222656,-86.0799560546875,2.361,2381628.543946667,0.2381628543946667,6.779424053952743,,,,,
aoml/4903232/profiles/D4903232_356.nc,4903232,2024,3,20240322,24.309,-96.117,24.278980255126953,-96.0799560546875,5.024,,,,,,,,
aoml/4903240/profiles/D4903240_353.nc,4903240,2024,3,20240322,25.303,-94.991,25.295774459838867,-94.9599609375,3.222,,,,,,,,
aoml/4903353/profiles/D4903353_223.nc,4903353,2024,3,20240322,28.614,-87.455,28.646100997924805,-87.43994140625,3.86,,,,,,,,
aoml/4903356/profiles/D4903356_216.nc,4903356,2024,3,20240322,28.226,-88.945,28.224010467529297,-88.9599609375,1.482,,,,,,,,
aoml/4903468/profiles/D4903468_109.nc,4903468,2024,3,20240322,27.458,-86.085,27.445838928222656,-86.0799560546875,1.441,,,,,,,,
aoml/4903471/profiles/D4903471_106.nc,4903471,2024,3,20240322,28.995,-87.644,28.996549606323242,-87.679931640625,3.499,,,,,,,,
aoml/4903472/profiles/R4903472_103.nc,4903472,2024,3,20240322,23.768,-83.055,23.767488479614258,-83.0400390625,1.524,,,,,,,,
aoml/4903546/profiles/D4903546_058.nc,4903546,2024,3,20240322,25.7,-92.41,25.72896957397461,-92.4000244140625,3.373,,,,,,,,
aoml/4903548/profiles/D4903548_058.nc,4903548,2024,3,20240322,26.885,-85.741,26.87641716003418,-85.760009765625,2.113,,,,,,,,
aoml/4903549/profiles/D4903549_058.nc,4903549,2024,3,20240322,25.945,-89.714,25.944978713989258,-89.679931640625,3.406,,,,,,,,
aoml/4903550/profiles/D4903550_058.nc,4903550,2024,3,20240322,25.478,-88.418,25.5125675201416,-88.4000244140625,4.246,,,,,,,,
aoml/4903551/profiles/D4903551_058.nc,4903551,2024,3,20240322,26.047,-85.237,26.01689338684082,-85.199951171875,4.991,,,,,,,,
aoml/4903552/profiles/D4903552_058.nc,4903552,2024,3,20240322,24.345,-83.921,24.351882934570312,-83.9200439453125,0.771,,,,,,,,
aoml/4903553/profiles/D4903553_058.nc,4903553,2024,3,20240322,23.285,-82.719,23.25398063659668,-82.719970703125,3.451,286126900.12809944,28.612690012809942,69.54632450632452,151961968.70645553,15.196196870645553,58.1372725555902,134164931.42164391,13.41649314216439
aoml/4903556/profiles/D4903556_058.nc,4903556,2024,3,20240322,27.517,-86.335,27.51681137084961,-86.320068359375,1.473,,,,,,,,
aoml/4903559/profiles/D4903559_034.nc,4903559,2024,3,20240322,20.035,-83.683,20.05732536315918,-83.679931640625,2.503,513980407.49524075,51.39804074952407,138.6264139872248,461080387.25118,46.108038725118,98.96512962900692,52900020.244060755,5.290002024406071
aoml/4903562/profiles/D4903562_034.nc,4903562,2024,3,20240322,19.556,-86.062,19.530414581298828,-86.0799560546875,3.411,661167325.1548972,66.11673251548972,135.48393059570617,302468332.2156793,30.24683322156793,83.70750527771712,358698992.9392179,35.86989929392179
aoml/4903563/profiles/D4903563_036.nc,4903563,2024,3,20240322,20.944,-82.46,20.956478118896484,-82.47998046875,2.496,473781050.55491185,47.37810505549118,126.00224179198808,415940179.3227047,41.59401793227047,93.61603537885398,57840871.23220718,5.784087123220715
aoml/4902351/profiles/D4902351_299.nc,4902351,2024,8,20240804,22.77,-96.446,22.73848533630371,-96.47998046875,4.942,526470882.90380645,52.647088290380644,41.192250991656614,521756134.97042936,52.17561349704293,57.16849041921992,4714747.933377087,0.4714747933377126
aoml/4903240/profiles/D4903240_380.nc,4903240,2024,8,20240804,23.743,-95.458,23.767488479614258,-95.43994140625,3.285,858946643.3446122,85.89466433446123,63.59912737019761,606218732.3490701,60.62187323490701,58.62071036436732,252727910.99554217,25.27279109955422
aoml/4903248/profiles/D4903248_364.nc,4903248,2024,8,20240804,26.412,-92.271,26.44745635986328,-92.239990234375,5.008,828185970.5683944,82.81859705683944,58.47346686043814,751692006.5859946,75.16920065859945,60.308175567947956,76493963.98239982,7.649396398239986
aoml/4903464/profiles/D4903464_132.nc,4903464,2024,8,20240804,28.013,-88.918,28.0123348236084,-88.8800048828125,3.731,539127316.6606536,53.912731666065355,39.48646463647333,577262227.2533985,57.72622272533985,50.53067565752124,-38134910.59274495,-3.8134910592744973
aoml/4903469/profiles/D4903469_133.nc,4903469,2024,8,20240804,23.304,-81.906,23.32746124267578,-81.9200439453125,2.977,1129252969.6222475,112.92529696222473,120.00216321263993,1282244558.0338352,128.2244558033835,113.82284410185207,-152991588.41158772,-15.299158841158771
aoml/4903545/profiles/D4903545_085.nc,4903545,2024,8,20240804,26.131,-88.538,26.16059112548828,-88.56005859375,3.959,1730864625.366455,173.0864625366455,162.41967083997807,1930738553.0496752,193.0738553049675,142.36840633325008,-199873927.68322015,-19.987392768321996
aoml/4903550/profiles/D4903550_085.nc,4903550,2024,8,20240804,25.259,-88.387,25.223424911499023,-88.4000244140625,4.167,1472229836.641507,147.2229836641507,162.5488345927735,1451104936.4882696,145.11049364882695,122.4899824383487,21124900.153237343,2.1124900153237434
aoml/4903551/profiles/D4903551_085.nc,4903551,2024,8,20240804,23.657,-86.288,23.6209774017334,-86.320068359375,5.169,1135429624.2720003,113.54296242720002,96.6375718502366,1167305010.0345302,116.73050100345301,94.93268993622793,-31875385.76252985,-3.18753857625299
aoml/4903552/profiles/D4903552_085.nc,4903552,2024,8,20240804,25.362,-84.815,25.36808204650879,-84.800048828125,1.647,520234335.8418099,52.02343358418099,45.68989480162226,910575531.0571544,91.05755310571544,69.62806763867133,-390341195.2153445,-39.03411952153445
aoml/4903556/profiles/D4903556_085.nc,4903556,2024,8,20240804,27.91,-86.024,27.94168472290039,-86.0,4.239,636158056.5852807,63.61580565852806,42.44770411994634,665872632.3840495,66.58726323840494,49.00848030786662,-29714575.798768878,-2.9714575798768834
aoml/4903557/profiles/D4903557_085.nc,4903557,2024,8,20240804,25.699,-91.082,25.72896957397461,-91.1199951171875,5.059,751037631.2086256,75.10376312086255,49.1634856800219,886119312.5008259,88.61193125008258,66.0757384922834,-135081681.29220033,-13.508168129220024
aoml/4903563/profiles/D4903563_052.nc,4903563,2024,8,20240804,20.006,-80.766,19.982160568237305,-80.800048828125,4.437,897106007.2243767,89.71060072243766,78.05918397184345,1198890044.978349,119.88900449783489,111.81144251278016,-301784037.7539723,-30.17840377539723
aoml/4903622/profiles/R4903622_105.nc,4903622,2024,8,20240804,23.171,-90.657,23.180458068847656,-90.6400146484375,2.03,858063918.3137691,85.8063918313769,64.54817823296764,675346845.706597,67.53468457065969,54.75936201422476,182717072.60717213,18.271707260717207
aoml/4903240/profiles/D4903240_381.nc,4903240,2024,8,20240809,23.706,-95.633,23.69425392150879,-95.5999755859375,3.607,833114072.7337672,83.31140727337672,60.07003306471907,856547574.784123,85.6547574784123,72.56636687816501,-23433502.050355792,-2.343350205035577
aoml/4903248/profiles/D4903248_365.nc,4903248,2024,8,20240809,26.369,-92.434,26.37580680847168,-92.4000244140625,3.468,909818264.9572843,90.98182649572843,63.02034333227464,952778173.1167986,95.27781731167985,68.93787315047157,-42959908.15951431,-4.295990815951427
aoml/4903464/profiles/D4903464_133.nc,4903464,2024,8,20240809,28.069,-88.947,28.08294105529785,-88.9599609375,2.005,600160845.8829648,60.01608458829648,43.35432901310668,759031227.9695638,75.90312279695638,54.226952434825726,-158870382.086599,-15.887038208659902
aoml/4903469/profiles/D4903469_134.nc,4903469,2024,8,20240809,23.36,-81.751,23.32746124267578,-81.760009765625,3.733,1290704170.0935082,129.07041700935082,135.91555648996749,1122558612.0112317,112.25586120112317,117.06091065306815,168145558.08227658,16.814555808227652
aoml/4903545/profiles/D4903545_086.nc,4903545,2024,8,20240809,26.752,-89.104,26.733610153198242,-89.1199951171875,2.589,1647666765.7964447,164.76667657964447,138.22202747269114,1043276193.2325046,104.32761932325046,94.82367739359033,604390572.56394,60.43905725639401
aoml/4903550/profiles/D4903550_086.nc,4903550,2024,8,20240809,25.202,-88.019,25.223424911499023,-88.0,3.054,1453925892.5642397,145.39258925642397,160.73717711857162,1414275422.040644,141.4275422040644,150.1863868470084,39650470.52359581,3.96504705235958
aoml/4903552/profiles/D4903552_086.nc,4903552,2024,8,20240809,25.853,-84.969,25.87302017211914,-84.9599609375,2.403,565372277.717821,56.5372277717821,42.11043864063633,735839023.6677383,73.58390236677383,54.53171525599925,-170466745.94991732,-17.046674594991728
aoml/4903556/profiles/D4903556_086.nc,4903556,2024,8,20240809,27.974,-86.365,27.94168472290039,-86.4000244140625,4.974,638225360.3960986,63.82253603960986,48.85379667668262,840484346.7760619,84.04843467760618,61.731837475393704,-202258986.37996328,-20.225898637996323
aoml/4903557/profiles/D4903557_086.nc,4903557,2024,8,20240809,25.452,-91.161,25.44034767150879,-91.199951171875,4.12,800347729.0504955,80.03477290504955,53.01585148174864,989222843.5687025,98.92228435687024,68.97160357025437,-188875114.51820695,-18.887511451820686
aoml/4903559/profiles/D4903559_051.nc,4903559,2024,8,20240809,19.613,-83.079,19.605792999267578,-83.0400390625,4.159,1852087858.9374785,185.20878589374786,173.39604758472802,1460817652.3835099,146.08176523835098,130.548842755193,391270206.55396867,39.127020655396876
aoml/4903562/profiles/D4903562_051.nc,4903562,2024,8,20240809,20.118,-86.664,20.132455825805664,-86.6400146484375,2.976,1122716980.1982055,112.27169801982055,98.18940906864407,1033660803.6824621,103.3660803682462,96.24334745229832,89056176.51574337,8.905617651574346
aoml/4903563/profiles/D4903563_053.nc,4903563,2024,8,20240809,20.14,-80.655,20.132455825805664,-80.6400146484375,1.775,1108389214.9146843,110.83892149146843,92.08889303067194,1043326972.0122246,104.33269720122244,93.13205651247638,65062242.90245974,6.5062242902459815
aoml/4902351/profiles/D4902351_300.nc,4902351,2024,8,20240814,22.822,-96.502,22.81224822998047,-96.47998046875,2.504,584903775.6785157,58.49037756785157,48.87541222122391,698000243.7784337,69.80002437784337,62.00966021295222,-113096468.09991801,-11.309646809991804
aoml/4903240/profiles/D4903240_382.nc,4903240,2024,8,20240814,23.878,-95.474,23.913837432861328,-95.43994140625,5.279,953546269.2010418,95.35462692010418,64.04130125045059,878782910.9943027,87.87829109943027,71.58015939974919,74763358.20673907,7.47633582067391
aoml/4903248/profiles/D4903248_366.nc,4903248,2024,8,20240814,26.15,-92.508,26.16059112548828,-92.47998046875,3.034,890439290.180356,89.0439290180356,61.57350677280076,869108317.6691262,86.91083176691261,71.27296906025248,21330972.511229873,2.13309725112299
aoml/4903464/profiles/D4903464_134.nc,4903464,2024,8,20240814,28.086,-88.946,28.08294105529785,-88.9599609375,1.411,652254545.6074958,65.22545456074957,46.241688551442735,802567258.0665132,80.25672580665132,60.096820885416456,-150312712.4590174,-15.031271245901749
aoml/4903469/profiles/D4903469_135.nc,4903469,2024,8,20240814,23.354,-81.757,23.32746124267578,-81.760009765625,2.967,1225698380.019273,122.5698380019273,122.60137991454839,1370050543.372678,137.0050543372678,131.28119469987908,-144352163.353405,-14.435216335340513
aoml/4903545/profiles/D4903545_087.nc,4903545,2024,8,20240814,26.983,-89.317,26.94775390625,-89.280029296875,5.365,1138649034.115946,113.8649034115946,98.25547391131006,896014798.3386123,89.60147983386123,81.50156334341614,242634235.77733374,24.263423577733363
aoml/4903550/profiles/D4903550_087.nc,4903550,2024,8,20240814,24.938,-86.694,24.933591842651367,-86.719970703125,2.664,1391710485.1506505,139.17104851506505,125.92749439003435,856920285.0515277,85.69202850515278,74.74886998258735,534790200.09912276,53.479020009912276
aoml/4903552/profiles/D4903552_087.nc,4903552,2024,8,20240814,26.052,-85.024,26.01689338684082,-85.0400390625,4.22,622915583.1410648,62.291558314106474,45.9908339542549,786482691.1459274,78.64826911459274,57.68522968680236,-163567108.00486267,-16.356710800486262
aoml/4903556/profiles/D4903556_087.nc,4903556,2024,8,20240814,27.897,-86.4,27.870986938476562,-86.4000244140625,2.893,983163366.2133303,98.31633662133302,63.67007467865582,724691612.6180204,72.46916126180204,56.32511427321647,258471753.59530985,25.84717535953098
aoml/4903557/profiles/D4903557_087.nc,4903557,2024,8,20240814,25.426,-90.944,25.44034767150879,-90.9599609375,2.261,854441219.1909409,85.44412191909409,55.36675309349743,735262726.0669305,73.52627260669306,59.72174806312416,119178493.12401032,11.917849312401032
aoml/4903559/profiles/D4903559_052.nc,4903559,2024,8,20240814,19.342,-83.046,19.379549026489258,-83.0400390625,4.222,1918068106.1235557,191.80681061235555,168.0071216464827,1366543125.659234,136.6543125659234,132.56502545644716,551524980.4643216,55.15249804643216
aoml/4903562/profiles/D4903562_052.nc,4903562,2024,8,20240814,20.337,-86.532,20.357627868652344,-86.56005859375,3.717,1473467305.6879241,147.3467305687924,127.65885917624817,1040882386.1728132,104.08823861728132,99.7557950364902,432584919.51511097,43.258491951511076
aoml/4903563/profiles/D4903563_054.nc,4903563,2024,8,20240814,20.264,-80.586,20.282608032226562,-80.56005859375,3.406,959834419.363649,95.9834419363649,76.40835332308345,884352091.6399343,88.43520916399342,78.68072934340006,75482327.72371471,7.5482327723714775
aoml/4902351/profiles/D4902351_301.nc,4902351,2024,8,20240824,22.86,-96.695,22.885969161987305,-96.719970703125,3.858,706871238.6312754,70.68712386312754,46.00444950922347,698551418.7238783,69.85514187238782,57.60493685528819,8319819.907397151,0.8319819907397203
aoml/4903240/profiles/D4903240_384.nc,4903240,2024,8,20240824,23.612,-95.72,23.6209774017334,-95.760009765625,4.197,845245996.8598258,84.52459968598258,51.70960617869771,793234323.9931004,79.32343239931004,60.62648808699202,52011672.866725445,5.201167286672543
aoml/4903248/profiles/D4903248_368.nc,4903248,2024,8,20240824,25.991,-92.462,26.01689338684082,-92.47998046875,3.394,1027272311.8422183,102.72723118422182,63.24283135267954,955068524.719084,95.5068524719084,66.89000463262958,72203787.12313426,7.220378712313419
aoml/4903464/profiles/D4903464_136.nc,4903464,2024,8,20240824,28.139,-88.928,28.15349769592285,-88.9599609375,3.524,568959899.4614869,56.89598994614869,42.79076879893445,685122785.0088816,68.51227850088816,49.092410648820874,-116162885.54739463,-11.61628855473947
aoml/4903469/profiles/D4903469_137.nc,4903469,2024,8,20240824,23.385,-81.728,23.40089988708496,-81.760009765625,3.714,1426810093.0571735,142.68100930571734,132.87407163779952,1241063237.9023085,124.10632379023085,105.5261887619858,185746855.15486503,18.574685515486493
aoml/4903545/profiles/D4903545_089.nc,4903545,2024,8,20240824,26.636,-89.146,26.662137985229492,-89.1199951171875,3.889,1376485640.0547235,137.64856400547234,153.76186993877363,1285593472.2190652,128.5593472219065,139.32524411633813,90892167.83565831,9.089216783565831
aoml/4903552/profiles/D4903552_089.nc,4903552,2024,8,20240824,25.645,-84.928,25.656879425048828,-84.9599609375,3.465,734258657.09083,73.425865709083,46.87488993330519,879283945.9247942,87.92839459247942,68.3832678932911,-145025288.83396423,-14.502528883396423
aoml/4903556/profiles/D4903556_089.nc,4903556,2024,8,20240824,27.783,-86.48,27.80024528503418,-86.47998046875,1.918,1450578958.110839,145.05789581108388,137.1679043070992,1390882957.2057726,139.08829572057726,107.64225919044091,59696000.90506625,5.969600090506617
aoml/4903557/profiles/D4903557_089.nc,4903557,2024,8,20240824,26.073,-90.769,26.088764190673828,-90.800048828125,3.562,577908044.1911962,57.79080441911962,41.42643145817485,748411486.0215371,74.84114860215371,57.540564252562866,-170503441.83034086,-17.050344183034092
aoml/4903559/profiles/D4903559_054.nc,4903559,2024,8,20240824,18.961,-82.799,18.92612075805664,-82.800048828125,3.88,1943195121.0663881,194.3195121066388,163.7410948014404,1497615389.0794926,149.76153890794924,140.4701977163391,445579731.98689556,44.55797319868955
aoml/4903562/profiles/D4903562_054.nc,4903562,2024,8,20240824,20.682,-86.225,20.6573486328125,-86.239990234375,3.154,1540413923.7767549,154.0413923776755,133.85383424022535,970855361.3216436,97.08553613216435,90.4925822060127,569558562.4551113,56.95585624551114
aoml/4903248/profiles/D4903248_369.nc,4903248,2024,8,20240830,26.011,-92.691,26.01689338684082,-92.719970703125,2.968,914398464.4718505,91.43984644718505,60.61414655892665,960109392.1657999,96.01093921657998,68.51445957898461,-45710927.69394934,-4.571092769394937
aoml/4903471/profiles/D4903471_138.nc,4903471,2024,8,20240830,27.942,-88.914,27.94168472290039,-88.8800048828125,3.34,753898248.6533209,75.38982486533209,49.635490383431204,1052035036.5239894,105.20350365239894,79.60855437535587,-298136787.87066853,-29.81367878706685
aoml/4903546/profiles/D4903546_090.nc,4903546,2024,8,20240830,22.586,-96.312,22.59084129333496,-96.320068359375,0.988,809238126.3146452,80.92381263146451,52.484348453640855,725281036.4359763,72.52810364359762,56.19697452736953,83957089.8786689,8.395708987866897
aoml/4903548/profiles/D4903548_090.nc,4903548,2024,8,20240830,26.714,-90.098,26.733610153198242,-90.0799560546875,2.822,1265152557.913852,126.51525579138519,103.28109608895308,1187796058.747246,118.7796058747246,99.15522321197815,77356499.16660595,7.735649916660591
aoml/4903549/profiles/D4903549_090.nc,4903549,2024,8,20240830,26.376,-88.933,26.37580680847168,-88.9599609375,2.686,1222942083.1184812,122.29420831184811,125.75686468773279,1492164819.8248425,149.21648198248423,125.0133935661135,-269222736.7063613,-26.922273670636116
aoml/4903550/profiles/D4903550_090.nc,4903550,2024,8,20240830,24.396,-85.063,24.424745559692383,-85.0400390625,3.952,1627156247.7625494,162.71562477625494,144.82067214854774,1366616763.9553447,136.66167639553447,109.94797275809675,260539483.80720472,26.05394838072047
aoml/4903551/profiles/D4903551_090.nc,4903551,2024,8,20240830,24.936,-88.863,24.933591842651367,-88.8800048828125,1.735,453024734.7551488,45.30247347551488,39.28692295118822,600862143.8933686,60.08621438933686,56.889313876300946,-147837409.13821977,-14.78374091382198
aoml/4903559/profiles/D4903559_055.nc,4903559,2024,8,20240830,18.866,-82.63,18.85042953491211,-82.6400146484375,2.027,2079704906.3425136,207.97049063425135,169.68672633314833,1416316811.0857913,141.63168110857913,129.03485533022234,663388095.2567222,66.33880952567222
aoml/4903562/profiles/D4903562_055.nc,4903562,2024,8,20240830,20.722,-86.218,20.732187271118164,-86.239990234375,2.552,1506864247.2775385,150.68642472775386,125.91569788019414,909485822.0304571,90.9485822030457,82.81174144857485,597378425.2470814,59.73784252470816
aoml/4903563/profiles/D4903563_057.nc,4903563,2024,8,20240830,20.616,-80.624,20.582473754882812,-80.6400146484375,4.084,1908847926.547716,190.8847926547716,157.59907526213615,1346126070.4049366,134.61260704049366,119.98734033853796,562721856.1427794,56.27218561427793
aoml/4903248/profiles/D4903248_370.nc,4903248,2024,9,20240904,26.08,-93.067,26.088764190673828,-93.0400390625,2.864,849303400.9995457,84.93034009995456,61.05119513999024,907442542.1746273,90.74425421746272,68.817028964829,-58139141.17508161,-5.813914117508162
aoml/4903471/profiles/D4903471_139.nc,4903471,2024,9,20240904,27.916,-88.873,27.94168472290039,-88.8800048828125,2.938,837631589.3149669,83.76315893149669,59.27325372680523,904094306.1333063,90.40943061333063,71.42609600028204,-66462716.81833935,-6.646271681833937
aoml/4903472/profiles/R4903472_138.nc,4903472,2024,9,20240904,24.703,-87.106,24.715768814086914,-87.1199951171875,2.004,1135775097.0574195,113.57750970574195,96.11644560971007,713945129.1737274,71.39451291737274,57.28060283424773,421829967.88369215,42.18299678836921
aoml/4903546/profiles/D4903546_091.nc,4903546,2024,9,20240904,22.397,-96.418,22.369077682495117,-96.4000244140625,3.613,819513420.4935939,81.95134204935938,52.891910321128314,760338415.3998332,76.03384153998331,56.961309217207024,59175005.09376073,5.917500509376069
aoml/4903548/profiles/D4903548_091.nc,4903548,2024,9,20240904,27.017,-89.887,27.019044876098633,-89.9200439453125,3.281,1215031356.0228992,121.50313560228992,115.21603700785003,1548194950.0474112,154.8194950047411,126.54264546062531,-333163594.02451205,-33.316359402451184
aoml/4903549/profiles/D4903549_091.nc,4903549,2024,9,20240904,26.735,-89.145,26.733610153198242,-89.1199951171875,2.488,1156391984.493392,115.63919844933919,130.9589511187216,1104239162.4919446,110.42391624919445,102.31686662165515,52152822.00144744,5.215282200144742
aoml/4903550/profiles/D4903550_091.nc,4903550,2024,9,20240904,24.237,-84.896,24.20603370666504,-84.8800048828125,3.806,1519311778.415606,151.93117784156058,116.56849421618261,2702949041.609513,270.29490416095126,140.3238866168,-1183637263.1939068,-118.36372631939068
aoml/4903551/profiles/D4903551_091.nc,4903551,2024,9,20240904,25.154,-88.832,25.151031494140625,-88.800048828125,3.233,309555191.1573441,30.955519115734408,25.87296701257831,544756824.4123094,54.47568244123094,48.81042886659132,-235201633.2549653,-23.52016332549653
aoml/4903559/profiles/D4903559_056.nc,4903559,2024,9,20240904,18.863,-82.533,18.85042953491211,-82.56005859375,3.172,1839100128.032579,183.9100128032579,153.67726977328863,1405975381.317249,140.5975381317249,129.04790524066982,433124746.7153299,43.31247467153301
aoml/4903562/profiles/D4903562_056.nc,4903562,2024,9,20240904,21.009,-86.114,21.03116798400879,-86.0799560546875,4.308,1659715627.4284217,165.97156274284217,133.93167658405355,1211798138.6359484,121.17981386359483,102.54923337212526,447917488.7924733,44.791748879247336
aoml/4903563/profiles/D4903563_058.nc,4903563,2024,9,20240904,20.621,-80.624,20.6573486328125,-80.6400146484375,4.372,1923523206.6185892,192.3523206618589,163.3589337981961,1357018189.618667,135.70181896186668,123.25333869684796,566505016.9999223,56.65050169999222
aoml/4903622/profiles/R4903622_108.nc,4903622,2024,9,20240904,23.751,-90.12,23.767488479614258,-90.1600341796875,4.468,871778735.4344131,87.17787354344131,60.09317339403064,760020937.6168427,76.00209376168426,61.333799819795644,111757797.81757033,11.175779781757043
aoml/4903248/profiles/D4903248_371.nc,4903248,2024,9,20240909,26.164,-93.333,26.16059112548828,-93.3599853515625,2.72,715360567.5113088,71.53605675113087,53.77134472845503,724131391.1768721,72.41313911768721,56.12076318626772,-8770823.665563345,-0.877082366556337
aoml/4903471/profiles/D4903471_140.nc,4903471,2024,9,20240909,27.919,-88.912,27.94168472290039,-88.8800048828125,4.03,566481958.9399856,56.64819589399856,49.18887907090342,472027436.3096222,47.20274363096222,47.502029742145666,94454522.6303634,9.445452263036344
aoml/4903472/profiles/R4903472_139.nc,4903472,2024,9,20240909,25.279,-87.081,25.295774459838867,-87.1199951171875,4.342,1245141467.4268785,124.51414674268784,103.03003802092063,775015154.6954991,77.5015154695499,68.06069522283204,470126312.7313794,47.01263127313794
aoml/4903546/profiles/D4903546_092.nc,4903546,2024,9,20240909,22.293,-96.429,22.29507827758789,-96.4000244140625,2.99,784215761.0731006,78.42157610731006,50.742986206998204,680797929.8024092,68.07979298024091,56.11057271595333,103417831.2706914,10.34178312706915
aoml/4903548/profiles/D4903548_092.nc,4903548,2024,9,20240909,26.96,-89.697,26.94775390625,-89.679931640625,2.172,1138779566.3458202,113.87795663458202,130.01682345565945,1184112736.4962394,118.41127364962394,119.62845451738477,-45333170.150419235,-4.533317015041916
aoml/4903549/profiles/D4903549_092.nc,4903549,2024,9,20240909,26.337,-89.248,26.304113388061523,-89.280029296875,4.854,891594353.1251891,89.15943531251891,107.16533746659037,798022306.1312133,79.80223061312132,63.78233062808751,93572046.99397576,9.357204699397585
aoml/4903550/profiles/D4903550_092.nc,4903550,2024,9,20240909,24.337,-84.824,24.351882934570312,-84.800048828125,2.937,1411498836.8929071,141.1498836892907,108.67674852806961,1199350833.823475,119.93508338234749,88.25688702041771,212148003.06943226,21.214800306943218
aoml/4903551/profiles/D4903551_092.nc,4903551,2024,9,20240909,25.143,-88.653,25.151031494140625,-88.6400146484375,1.583,290832034.1375871,29.083203413758707,26.71992840434459,640111674.4321839,64.01116744321838,43.41164067303549,-349279640.2945968,-34.92796402945967
aoml/4903559/profiles/D4903559_057.nc,4903559,2024,9,20240909,18.901,-82.407,18.92612075805664,-82.4000244140625,2.888,1467843379.9436274,146.78433799436272,125.94419332076981,1267332665.706497,126.73326657064969,116.8219467397241,200510714.2371304,20.051071423713026
aoml/4903562/profiles/D4903562_057.nc,4903562,2024,9,20240909,21.178,-86.11,21.180435180664062,-86.0799560546875,3.127,1536284813.5658734,153.62848135658734,136.52653974686922,1380273852.8947053,138.02738528947052,115.6146106793735,156010960.6711681,15.601096067116828
aoml/4903248/profiles/D4903248_372.nc,4903248,2024,9,20240914,26.119,-93.884,26.088764190673828,-93.9200439453125,4.925,483704641.9695384,48.37046419695384,43.17802523708838,297648808.8120883,29.76488088120883,36.168073372132,186055833.15745008,18.60558331574501
aoml/4903471/profiles/D4903471_141.nc,4903471,2024,9,20240914,27.824,-88.848,27.80024528503418,-88.8800048828125,4.109,617093655.2523041,61.7093655252304,50.14220449567839,594469394.1900632,59.44693941900632,58.1233600546027,22624261.06224084,2.2624261062240834
aoml/4903472/profiles/R4903472_140.nc,4903472,2024,9,20240914,25.701,-87.745,25.72896957397461,-87.760009765625,3.455,561876086.75454,56.187608675453994,49.152225113707004,628840248.875167,62.884024887516695,56.76620414171649,-66964162.120627046,-6.696416212062701
aoml/4903546/profiles/D4903546_093.nc,4903546,2024,9,20240914,22.18,-96.429,22.146961212158203,-96.4000244140625,4.733,726994336.69517,72.699433669517,51.546593017729634,671034273.4458754,67.10342734458754,60.66631241266655,55960063.24929464,5.596006324929462
aoml/4903548/profiles/D4903548_093.nc,4903548,2024,9,20240914,26.95,-90.108,26.94775390625,-90.0799560546875,2.791,1317165186.2371192,131.71651862371192,104.437279231902,1176236610.0991273,117.62366100991272,121.3145937989953,140928576.1379919,14.092857613799197
aoml/4903550/profiles/D4903550_093.nc,4903550,2024,9,20240914,24.396,-84.801,24.424745559692383,-84.800048828125,3.198,1484595462.6198232,148.45954626198233,120.75534523927372,1207209275.4481313,120.72092754481312,101.65192753567494,277386187.1716919,27.738618717169203
aoml/4903551/profiles/D4903551_093.nc,4903551,2024,9,20240914,25.253,-88.527,25.223424911499023,-88.56005859375,4.677,396582596.82614297,39.65825968261429,35.04456405337155,522855702.7117881,52.28557027117881,47.67740043158534,-126273105.88564515,-12.62731058856452
aoml/4903559/profiles/D4903559_058.nc,4903559,2024,9,20240914,18.93,-82.272,18.92612075805664,-82.239990234375,3.394,2080923144.1577055,208.09231441577055,161.71648392105826,1186649975.2390246,118.66499752390246,108.66820723954571,894273168.9186809,89.42731689186809
aoml/4903562/profiles/D4903562_058.nc,4903562,2024,9,20240914,21.237,-86.077,21.25501251220703,-86.0799560546875,2.026,1867994935.0202677,186.79949350202676,152.44898821014053,1348600653.436293,134.8600653436293,116.27636344180229,519394281.58397484,51.939428158397476
aoml/4903249/profiles/D4903249_373.nc,4903249,2024,9,20240920,26.047,-88.785,26.01689338684082,-88.800048828125,3.67,720808940.7991153,72.08089407991153,54.02694620896919,796750188.2764084,79.67501882764084,63.712364094117575,-75941247.47729313,-7.59412474772931
aoml/4903254/profiles/D4903254_376.nc,4903254,2024,9,20240920,28.311,-87.204,28.294475555419922,-87.199951171875,1.88,420617812.15670925,42.061781215670926,34.29800092367097,479483687.8340081,47.94836878340081,46.36506517603263,-58865875.677298844,-5.886587567729883
aoml/4903356/profiles/D4903356_253.nc,4903356,2024,9,20240920,27.996,-89.204,28.0123348236084,-89.199951171875,1.859,481006239.6562191,48.100623965621914,46.85737256251923,537934971.9515328,53.79349719515328,45.17906442172115,-56928732.295313716,-5.692873229531365
aoml/4903471/profiles/D4903471_142.nc,4903471,2024,9,20240920,27.805,-88.884,27.80024528503418,-88.8800048828125,0.659,566594014.1705011,56.659401417050105,52.51250957149351,531526303.5946842,53.15263035946842,47.69972760633232,35067710.57581693,3.5067710575816875
aoml/4903543/profiles/D4903543_094.nc,4903543,2024,9,20240920,21.272,-95.375,21.25501251220703,-95.3599853515625,2.447,702889654.2477976,70.28896542477976,45.27751826162598,723386470.7032695,72.33864707032694,54.70714531805648,-20496816.455471873,-2.0496816455471816
aoml/4903544/profiles/D4903544_094.nc,4903544,2024,9,20240920,26.123,-85.327,26.088764190673828,-85.3599853515625,5.034,831062501.5572975,83.10625015572974,66.55303057272903,656697282.8718101,65.669728287181,64.52053314183824,174365218.6854874,17.436521868548738
aoml/4903547/profiles/D4903547_094.nc,4903547,2024,9,20240920,21.339,-95.617,21.329551696777344,-95.5999755859375,2.053,555742316.6955258,55.574231669552574,36.82242056369251,611401158.4795457,61.14011584795457,49.039854020129056,-55658841.78401995,-5.565884178401994
aoml/4903549/profiles/D4903549_094.nc,4903549,2024,9,20240920,26.294,-88.015,26.304113388061523,-88.0,1.871,589220993.9784518,58.92209939784518,49.46206569153082,713095511.9122701,71.309551191227,59.212465740750574,-123874517.93381822,-12.387451793381821
aoml/4903559/profiles/D4903559_059.nc,4903559,2024,9,20240920,18.858,-82.346,18.85042953491211,-82.320068359375,2.856,1872038864.8947752,187.2038864894775,171.01772812148764,1440782152.5493538,144.07821525493537,128.75497173563573,431256712.3454213,43.125671234542125
aoml/4903562/profiles/D4903562_059.nc,4903562,2024,9,20240920,21.413,-85.868,21.404052734375,-85.8399658203125,3.068,1884253846.956765,188.42538469567648,148.1375070975234,1231315266.9273224,123.13152669273224,96.49249845212664,652938580.0294425,65.29385800294425
aoml/4903563/profiles/D4903563_061.nc,4903563,2024,9,20240920,20.573,-80.326,20.582473754882812,-80.320068359375,1.221,2106260700.3680708,210.62607003680708,150.51883770161334,1612265950.400755,161.2265950400755,129.9872245450322,493994749.9673159,49.399474996731584
aoml/4903249/profiles/D4903249_374.nc,4903249,2024,9,20240925,26.0,-88.55,26.01689338684082,-88.56005859375,2.13,603705234.0588993,60.37052340588993,46.691856245035446,582511077.1944178,58.251107719441784,55.675568074100156,21194156.86448145,2.119415686448143
aoml/4903254/profiles/D4903254_377.nc,4903254,2024,9,20240925,28.376,-87.29,28.364892959594727,-87.280029296875,1.574,319137813.07409847,31.913781307409845,28.462663315602782,485379966.80859745,48.53799668085974,45.99062956331495,-166242153.73449898,-16.624215373449896
aoml/4903471/profiles/D4903471_143.nc,4903471,2024,9,20240925,27.742,-88.825,27.729455947875977,-88.800048828125,2.824,629530110.1672776,62.95301101672776,55.66537126301076,489307389.9685359,48.930738996853584,52.5227629184426,140222720.19874167,14.022272019874173
aoml/4903543/profiles/D4903543_095.nc,4903543,2024,9,20240925,21.233,-95.341,21.25501251220703,-95.3599853515625,3.14,569723609.6903473,56.97236096903473,37.18487483085631,566805880.2012082,56.68058802012082,44.06920320184158,2917729.48913908,0.29177294891390915
aoml/4903544/profiles/D4903544_095.nc,4903544,2024,9,20240925,25.562,-85.282,25.584745407104492,-85.280029296875,2.537,725061865.9794164,72.50618659794164,54.15103191984101,1052257634.9882118,105.22576349882117,72.56113285671633,-327195769.0087954,-32.71957690087953
aoml/4903547/profiles/D4903547_095.nc,4903547,2024,9,20240925,21.125,-95.55,21.105819702148438,-95.52001953125,3.771,718664429.2221732,71.86644292221732,44.8800993819027,601371381.0489136,60.137138104891356,47.46443488590424,117293048.17325962,11.72930481732596
aoml/4903549/profiles/D4903549_095.nc,4903549,2024,9,20240925,26.758,-87.022,26.733610153198242,-87.0400390625,3.25,1294813123.6542459,129.48131236542457,105.81741193625862,1422439329.0626075,142.24393290626074,118.31374193862699,-127626205.40836167,-12.762620540836167
aoml/4903559/profiles/D4903559_060.nc,4903559,2024,9,20240925,18.76,-82.57,18.774702072143555,-82.56005859375,1.941,2109821149.729414,210.9821149729414,164.61062818294582,1386854554.1409314,138.68545541409313,126.32412978925551,722966595.5884826,72.29665955884826
aoml/4903562/profiles/D4903562_060.nc,4903562,2024,9,20240925,21.458,-85.82,21.478515625,-85.8399658203125,3.078,1676251948.332355,167.6251948332355,138.73296078299242,1534074430.4982064,153.40744304982064,111.72990146422322,142177517.83414865,14.217751783414855
aoml/4903563/profiles/D4903563_062.nc,4903563,2024,9,20240925,20.455,-80.183,20.432613372802734,-80.1600341796875,3.453,2012117730.2950566,201.21177302950565,156.76204866041726,1739156575.843561,173.9156575843561,131.94957769046403,272961154.45149565,27.296115445149553
aoml/4903622/profiles/R4903622_110.nc,4903622,2024,9,20240925,23.816,-90.511,23.840682983398438,-90.47998046875,4.182,809904236.1575984,80.99042361575984,63.21065477633861,625952631.780982,62.5952631780982,53.651590608495496,183951604.37661636,18.395160437661637
aoml/4902351/profiles/D4902351_305.nc,4902351,2024,10,20241003,21.297,-96.612,21.329551696777344,-96.6400146484375,4.639,617420954.0701852,61.74209540701852,43.937092617896965,761207181.2366065,76.12071812366064,54.08739672308687,-143786227.1664213,-14.37862271664212
aoml/4903240/profiles/D4903240_392.nc,4903240,2024,10,20241003,22.184,-96.033,22.146961212158203,-96.0,5.34,662290397.6544342,66.22903976544342,45.40229959131477,716947757.3946563,71.69477573946563,53.91620890629464,-54657359.7402221,-5.465735974022209
aoml/4903464/profiles/D4903464_144.nc,4903464,2024,10,20241003,28.009,-89.006,28.0123348236084,-89.0400390625,3.362,494126412.894003,49.4126412894003,56.7333383839383,509150372.2646295,50.91503722646294,54.62521029347623,-15023959.37062651,-1.5023959370626443
aoml/4903469/profiles/D4903469_145.nc,4903469,2024,10,20241003,23.516,-81.41,23.547658920288086,-81.43994140625,4.659,1582214322.0832028,158.22143220832027,145.49823000210145,1202003064.499001,120.2003064499001,112.02375715346214,380211257.5842018,38.02112575842017
aoml/4903472/profiles/R4903472_144.nc,4903472,2024,10,20241003,25.571,-89.215,25.584745407104492,-89.199951171875,2.148,483507637.7458775,48.35076377458775,42.34752023125663,555328132.11428,55.532813211428,60.770513112255806,-71820494.36840248,-7.182049436840252
aoml/4903545/profiles/D4903545_097.nc,4903545,2024,10,20241003,27.772,-87.499,27.80024528503418,-87.52001953125,3.76,546366000.5614921,54.636600056149206,48.16276316941474,643679473.0280029,64.36794730280029,63.4770749426417,-97313472.46651077,-9.731347246651083
aoml/4903552/profiles/D4903552_097.nc,4903552,2024,10,20241003,24.824,-85.854,24.788419723510742,-85.8399658203125,4.202,859663427.8529372,85.96634278529372,66.76131664813445,760896742.7805495,76.08967427805494,74.3589702564759,98766685.0723877,9.876668507238776
aoml/4903557/profiles/D4903557_097.nc,4903557,2024,10,20241003,25.896,-93.487,25.87302017211914,-93.52001953125,4.176,610595067.9091686,61.059506790916856,57.06956610679905,916070238.2512256,91.60702382512255,85.49637820740695,-305475170.342057,-30.547517034205697
aoml/4903254/profiles/D4903254_379.nc,4903254,2024,10,20241004,28.757,-87.459,28.786420822143555,-87.43994140625,3.762,381387856.2475835,38.13878562475835,42.724794880142994,347372838.87638175,34.73728388763817,43.225147937729076,34015017.37120175,3.401501737120178
aoml/4903356/profiles/D4903356_256.nc,4903356,2024,10,20241004,27.94,-89.261,27.94168472290039,-89.280029296875,1.879,405259697.09663665,40.52596970966366,45.95067532209069,639085014.5319312,63.90850145319311,65.77450305152193,-233825317.4352945,-23.382531743529448
aoml/4903546/profiles/D4903546_097.nc,4903546,2024,10,20241004,21.584,-96.37,21.552940368652344,-96.4000244140625,4.644,592511876.3252374,59.25118763252374,42.90904540829057,603456781.53612,60.345678153612006,48.535847203114194,-10944905.210882664,-1.094490521088268
aoml/4903548/profiles/D4903548_097.nc,4903548,2024,10,20241004,27.145,-89.532,27.16149139404297,-89.52001953125,2.184,474464881.19437975,47.44648811943797,53.6251112766379,565465014.4690177,56.54650144690177,56.762517540164325,-91000133.274638,-9.100013327463799
aoml/4903550/profiles/D4903550_097.nc,4903550,2024,10,20241004,25.468,-86.239,25.44034767150879,-86.239990234375,3.076,1859780391.1273918,185.97803911273917,165.56620681370381,1314551484.9685392,131.45514849685392,118.04300132981169,545228906.1588526,54.522890615885245
aoml/4903551/profiles/D4903551_097.nc,4903551,2024,10,20241004,25.713,-90.598,25.72896957397461,-90.56005859375,4.195,1256727335.4857366,125.67273354857366,129.68631366503365,1055130700.1125869,105.51307001125868,94.25047647353468,201596635.37314975,20.159663537314984
aoml/4903556/profiles/D4903556_097.nc,4903556,2024,10,20241004,27.74,-85.971,27.729455947875977,-86.0,3.086,766279104.7258297,76.62791047258297,68.83475660938149,618301928.8246098,61.83019288246097,62.64309603440038,147977175.90121996,14.797717590121998
aoml/4902349/profiles/D4902349_301.nc,4902349,2024,10,20241005,22.624,-95.096,22.59084129333496,-95.1199951171875,4.434,386717676.2398337,38.67176762398337,40.0462904452896,653042403.8428652,65.30424038428652,52.3499348616894,-266324727.60303152,-26.632472760303145
aoml/4903248/profiles/D4903248_376.nc,4903248,2024,10,20241005,25.695,-94.039,25.72896957397461,-94.0,5.435,760421555.7106203,76.04215557106203,64.82902613470901,797936482.8787843,79.79364828787843,88.83565275265752,-37514927.168164015,-3.7514927168164007
aoml/4903249/profiles/D4903249_376.nc,4903249,2024,10,20241005,25.578,-88.896,25.584745407104492,-88.8800048828125,1.771,655110583.7734061,65.51105837734062,54.503710784429245,538860434.2216597,53.88604342216596,54.20837389889992,116250149.55174649,11.625014955174656
aoml/4903471/profiles/D4903471_145.nc,4903471,2024,10,20241005,27.807,-89.227,27.80024528503418,-89.199951171875,2.764,502910093.0784525,50.29100930784525,56.340806237901276,584651750.0615016,58.46517500615016,63.39606438483391,-81741656.9830491,-8.174165698304911
aoml/4903543/profiles/D4903543_097.nc,4903543,2024,10,20241005,21.138,-95.388,21.105819702148438,-95.3599853515625,4.61,342575039.54143757,34.25750395414376,27.93791271679288,549860009.6403176,54.98600096403175,40.95829058845055,-207284970.09888,-20.728497009887995
aoml/4903544/profiles/D4903544_097.nc,4903544,2024,10,20241005,24.87,-86.556,24.861026763916016,-86.56005859375,1.079,1600099545.6374834,160.00995456374832,146.07552566738283,1121413852.34786,112.141385234786,105.28158126670789,478685693.28962326,47.86856932896232
aoml/4903547/profiles/D4903547_097.nc,4903547,2024,10,20241005,20.648,-95.534,20.6573486328125,-95.52001953125,1.788,337240428.40562725,33.724042840562724,27.77801708920311,588681413.577987,58.86814135779869,49.61554609929078,-251440985.1723597,-25.144098517235967
aoml/4903549/profiles/D4903549_097.nc,4903549,2024,10,20241005,26.822,-87.483,26.805036544799805,-87.52001953125,4.13,937003181.8821676,93.70031818821676,69.82098447978281,1117326621.2814066,111.73266212814066,100.90566738174124,-180323439.39923906,-18.032343939923905
aoml/4903559/profiles/D4903559_062.nc,4903559,2024,10,20241005,19.065,-82.647,19.077402114868164,-82.6400146484375,1.562,2084140860.6097221,208.4140860609722,172.00365802027358,1833773553.171481,183.37735531714807,158.93310200177064,250367307.43824124,25.036730743824137
aoml/4903622/profiles/R4903622_111.nc,4903622,2024,10,20241005,24.042,-90.221,24.06001853942871,-90.239990234375,2.781,791674035.752551,79.1674035752551,62.322762054118776,599989235.6939045,59.99892356939045,51.92899234239625,191684800.05864644,19.168480005864645
aoml/4903254/profiles/D4903254_380.nc,4903254,2024,10,20241009,28.891,-87.747,28.85651206970215,-87.760009765625,4.039,306462228.30567455,30.646222830567453,43.20039297793926,298950869.7984969,29.89508697984969,42.75793433291515,7511358.507177651,0.7511358507177626
aoml/4903356/profiles/D4903356_257.nc,4903356,2024,10,20241009,27.923,-89.281,27.94168472290039,-89.280029296875,2.08,572448104.0790298,57.244810407902975,62.05637023407583,545020223.9473743,54.50202239473743,65.17576356619826,27427880.131655455,2.742788013165544
aoml/4903546/profiles/D4903546_098.nc,4903546,2024,10,20241009,21.664,-96.401,21.627328872680664,-96.4000244140625,4.079,424655687.03768164,42.46556870376816,39.34282859058041,406797156.4726022,40.67971564726022,48.854011144791805,17858530.56507945,1.7858530565079462
aoml/4903548/profiles/D4903548_098.nc,4903548,2024,10,20241009,27.275,-89.393,27.303754806518555,-89.3599853515625,4.568,432921205.7962685,43.292120579626854,51.42306766606794,584712309.4754844,58.471230947548435,62.46229350397571,-151791103.67921585,-15.17911036792158
aoml/4903550/profiles/D4903550_098.nc,4903550,2024,10,20241009,25.152,-86.077,25.151031494140625,-86.0799560546875,0.316,1367826991.530114,136.78269915301138,130.53113498905222,1123222997.7668514,112.32229977668514,97.86833855799372,244603993.7632625,24.460399376326237
aoml/4903551/profiles/D4903551_098.nc,4903551,2024,10,20241009,25.348,-91.113,25.36808204650879,-91.1199951171875,2.341,1165749137.0719545,116.57491370719545,118.60004007366778,808985845.4322214,80.89858454322214,86.08858245647752,356763291.6397331,35.67632916397331
aoml/4903556/profiles/D4903556_098.nc,4903556,2024,10,20241009,27.653,-86.115,27.658618927001953,-86.0799560546875,3.508,686352695.1622043,68.63526951622042,62.97155094015838,767002344.1618557,76.70023441618557,81.19244215545223,-80649648.99965143,-8.064964899965148
aoml/4902352/profiles/D4902352_306.nc,4902352,2024,10,20241016,23.291,-96.995,23.32746124267578,-96.9599609375,5.407,459120784.49276507,45.91207844927651,45.66712452692064,556139195.1288457,55.613919512884564,58.50070439992369,-97018410.63608062,-9.701841063608057
aoml/4903279/profiles/D4903279_317.nc,4903279,2024,10,20241016,27.008,-87.913,27.019044876098633,-87.9200439453125,1.413,861745904.0165609,86.17459040165609,93.32098414481861,542859032.3413876,54.28590323413876,72.11794359716534,318886871.6751733,31.888687167517332
aoml/4903353/profiles/D4903353_265.nc,4903353,2024,10,20241016,28.176,-89.051,28.15349769592285,-89.0400390625,2.723,323053200.2002264,32.30532002002264,54.56711240883722,403799076.2705942,40.37990762705942,58.50642304861485,-80745876.07036775,-8.074587607036776
aoml/4903466/profiles/D4903466_147.nc,4903466,2024,10,20241016,23.602,-83.584,23.6209774017334,-83.5999755859375,2.665,1644109179.9568138,164.4109179956814,134.19367070673852,1405285979.219128,140.5285979219128,138.05848744699162,238823200.73768592,23.882320073768597
aoml/4903468/profiles/D4903468_150.nc,4903468,2024,10,20241016,25.631,-92.637,25.656879425048828,-92.6400146484375,2.893,652729701.6846591,65.2729701684659,68.10657880862514,546139490.3544786,54.61394903544786,65.81718282506927,106590211.33018053,10.659021133018044
aoml/4903543/profiles/D4903543_099.nc,4903543,2024,10,20241016,21.113,-95.361,21.105819702148438,-95.3599853515625,0.805,339681538.4645482,33.96815384645482,34.479961147145715,493543883.4497757,49.354388344977565,49.38662405456869,-153862344.98522753,-15.386234498522747
aoml/4903554/profiles/D4903554_106.nc,4903554,2024,10,20241016,24.923,-84.437,24.933591842651367,-84.4000244140625,3.91,239959079.9247258,23.995907992472578,44.159524409081435,178092931.81150645,17.809293181150643,46.28806633701224,61866148.11321935,6.186614811321935
aoml/4903559/profiles/D4903559_064.nc,4903559,2024,10,20241016,19.229,-82.49,19.228546142578125,-82.47998046875,1.053,2067608546.418687,206.7608546418687,157.0656843649526,1379485830.1909628,137.94858301909628,131.2726166912271,688122716.2277243,68.81227162277241
aoml/4903562/profiles/D4903562_064.nc,4903562,2024,10,20241016,21.194,-85.773,21.180435180664062,-85.760009765625,2.022,1444484441.830017,144.4484441830017,128.26587339779087,979637745.5447223,97.96377455447222,90.72509322348256,464846696.2852948,46.484669628529474
aoml/4903622/profiles/R4903622_112.nc,4903622,2024,10,20241016,24.336,-90.394,24.351882934570312,-90.4000244140625,1.869,648389511.7468987,64.83895117468987,67.57619992755926,680601922.2759863,68.06019222759863,70.1571162335401,-32212410.529087663,-3.2212410529087663
